# time,angle,x,y,speed_tangential,accel_tangential,normal_force,curvature,dfdx,d2fdx2
0.0000,-0.5785,0.0000,0.0000,0.0000,0.0000,0.0000,0.0000,0.6531,-3.5291
1.0000,-0.5785,0.0000,0.0000,0.0000,-3.8315,1.0000,2.0713,0.6531,-3.5291
2.0000,-0.5785,0.0000,0.0000,-0.0038,-3.8315,1.0000,2.0713,0.6531,-3.5291
3.0000,-0.5785,-0.0000,-0.0000,-0.0077,-3.8315,1.0000,2.0713,0.6531,-3.5293
4.0000,-0.5786,-0.0000,-0.0000,-0.0115,-3.8315,1.0000,2.0714,0.6531,-3.5296
5.0000,-0.5786,-0.0000,-0.0000,-0.0153,-3.8316,1.0000,2.0715,0.6532,-3.5301
6.0000,-0.5786,-0.0000,-0.0000,-0.0192,-3.8317,1.0000,2.0717,0.6532,-3.5308
7.0000,-0.5786,-0.0000,-0.0000,-0.0230,-3.8318,1.0001,2.0720,0.6533,-3.5316
8.0000,-0.5787,-0.0001,-0.0000,-0.0268,-3.8320,1.0001,2.0723,0.6533,-3.5326
9.0000,-0.5787,-0.0001,-0.0001,-0.0307,-3.8322,1.0002,2.0727,0.6534,-3.5337
10.0000,-0.5788,-0.0001,-0.0001,-0.0345,-3.8325,1.0002,2.0731,0.6535,-3.5351
11.0000,-0.5788,-0.0001,-0.0001,-0.0383,-3.8328,1.0003,2.0736,0.6536,-3.5365
12.0000,-0.5789,-0.0002,-0.0001,-0.0422,-3.8332,1.0003,2.0742,0.6537,-3.5382
13.0000,-0.5790,-0.0002,-0.0001,-0.0460,-3.8336,1.0004,2.0749,0.6538,-3.5400
14.0000,-0.5791,-0.0003,-0.0002,-0.0498,-3.8341,1.0004,2.0756,0.6540,-3.5420
15.0000,-0.5792,-0.0003,-0.0002,-0.0537,-3.8346,1.0005,2.0764,0.6541,-3.5441
16.0000,-0.5793,-0.0003,-0.0002,-0.0575,-3.8352,1.0006,2.0772,0.6543,-3.5465
17.0000,-0.5794,-0.0004,-0.0003,-0.0613,-3.8358,1.0007,2.0781,0.6545,-3.5489
18.0000,-0.5795,-0.0004,-0.0003,-0.0652,-3.8364,1.0008,2.0791,0.6546,-3.5516
19.0000,-0.5796,-0.0005,-0.0003,-0.0690,-3.8371,1.0009,2.0801,0.6548,-3.5544
20.0000,-0.5798,-0.0005,-0.0004,-0.0728,-3.8379,1.0010,2.0812,0.6550,-3.5574
21.0000,-0.5799,-0.0006,-0.0004,-0.0767,-3.8387,1.0011,2.0824,0.6552,-3.5606
22.0000,-0.5801,-0.0007,-0.0004,-0.0805,-3.8395,1.0012,2.0836,0.6555,-3.5639
23.0000,-0.5802,-0.0007,-0.0005,-0.0843,-3.8404,1.0014,2.0849,0.6557,-3.5674
24.0000,-0.5804,-0.0008,-0.0005,-0.0882,-3.8413,1.0015,2.0862,0.6560,-3.5710
25.0000,-0.5806,-0.0009,-0.0006,-0.0920,-3.8423,1.0017,2.0876,0.6562,-3.5749
26.0000,-0.5807,-0.0010,-0.0006,-0.0959,-3.8434,1.0018,2.0891,0.6565,-3.5789
27.0000,-0.5809,-0.0010,-0.0007,-0.0997,-3.8444,1.0020,2.0907,0.6568,-3.5830
28.0000,-0.5811,-0.0011,-0.0007,-0.1036,-3.8456,1.0021,2.0923,0.6571,-3.5874
29.0000,-0.5813,-0.0012,-0.0008,-0.1074,-3.8467,1.0023,2.0940,0.6574,-3.5919
30.0000,-0.5816,-0.0013,-0.0009,-0.1113,-3.8480,1.0025,2.0957,0.6577,-3.5966
31.0000,-0.5818,-0.0014,-0.0009,-0.1151,-3.8492,1.0026,2.0975,0.6581,-3.6015
32.0000,-0.5820,-0.0015,-0.0010,-0.1189,-3.8505,1.0028,2.0994,0.6584,-3.6065
33.0000,-0.5823,-0.0016,-0.0010,-0.1228,-3.8519,1.0030,2.1013,0.6588,-3.6117
34.0000,-0.5825,-0.0017,-0.0011,-0.1267,-3.8533,1.0032,2.1033,0.6591,-3.6171
35.0000,-0.5828,-0.0018,-0.0012,-0.1305,-3.8548,1.0034,2.1054,0.6595,-3.6226
36.0000,-0.5830,-0.0019,-0.0013,-0.1344,-3.8563,1.0037,2.1075,0.6599,-3.6284
37.0000,-0.5833,-0.0020,-0.0013,-0.1382,-3.8579,1.0039,2.1097,0.6603,-3.6343
38.0000,-0.5836,-0.0021,-0.0014,-0.1421,-3.8595,1.0041,2.1119,0.6607,-3.6404
39.0000,-0.5839,-0.0023,-0.0015,-0.1459,-3.8611,1.0044,2.1142,0.6612,-3.6466
40.0000,-0.5842,-0.0024,-0.0016,-0.1498,-3.8628,1.0046,2.1166,0.6616,-3.6531
41.0000,-0.5845,-0.0025,-0.0016,-0.1537,-3.8646,1.0048,2.1191,0.6621,-3.6597
42.0000,-0.5848,-0.0026,-0.0017,-0.1575,-3.8664,1.0051,2.1216,0.6625,-3.6665
43.0000,-0.5851,-0.0028,-0.0018,-0.1614,-3.8682,1.0054,2.1241,0.6630,-3.6735
44.0000,-0.5855,-0.0029,-0.0019,-0.1653,-3.8702,1.0056,2.1268,0.6635,-3.6806
45.0000,-0.5858,-0.0030,-0.0020,-0.1691,-3.8721,1.0059,2.1294,0.6640,-3.6880
46.0000,-0.5862,-0.0032,-0.0021,-0.1730,-3.8741,1.0062,2.1322,0.6645,-3.6955
47.0000,-0.5865,-0.0033,-0.0022,-0.1769,-3.8762,1.0065,2.1350,0.6651,-3.7032
48.0000,-0.5869,-0.0035,-0.0023,-0.1807,-3.8783,1.0068,2.1379,0.6656,-3.7111
49.0000,-0.5873,-0.0036,-0.0024,-0.1846,-3.8804,1.0071,2.1408,0.6662,-3.7191
50.0000,-0.5877,-0.0038,-0.0025,-0.1885,-3.8826,1.0074,2.1438,0.6668,-3.7274
51.0000,-0.5881,-0.0039,-0.0026,-0.1924,-3.8849,1.0078,2.1468,0.6673,-3.7358
52.0000,-0.5885,-0.0041,-0.0027,-0.1963,-3.8872,1.0081,2.1499,0.6679,-3.7444
53.0000,-0.5889,-0.0042,-0.0028,-0.2002,-3.8896,1.0085,2.1531,0.6685,-3.7531
54.0000,-0.5893,-0.0044,-0.0029,-0.2041,-3.8920,1.0088,2.1563,0.6692,-3.7621
55.0000,-0.5897,-0.0046,-0.0030,-0.2079,-3.8944,1.0092,2.1596,0.6698,-3.7712
56.0000,-0.5902,-0.0048,-0.0031,-0.2118,-3.8970,1.0095,2.1629,0.6705,-3.7806
57.0000,-0.5906,-0.0049,-0.0033,-0.2157,-3.8995,1.0099,2.1663,0.6711,-3.7901
58.0000,-0.5911,-0.0051,-0.0034,-0.2196,-3.9021,1.0103,2.1698,0.6718,-3.7997
59.0000,-0.5916,-0.0053,-0.0035,-0.2235,-3.9048,1.0107,2.1732,0.6725,-3.8096
60.0000,-0.5920,-0.0055,-0.0036,-0.2274,-3.9075,1.0111,2.1768,0.6732,-3.8196
61.0000,-0.5925,-0.0057,-0.0038,-0.2313,-3.9103,1.0115,2.1804,0.6739,-3.8299
62.0000,-0.5930,-0.0059,-0.0039,-0.2353,-3.9131,1.0119,2.1840,0.6747,-3.8402
63.0000,-0.5935,-0.0061,-0.0040,-0.2392,-3.9160,1.0123,2.1877,0.6754,-3.8508
64.0000,-0.5940,-0.0063,-0.0042,-0.2431,-3.9190,1.0128,2.1914,0.6762,-3.8616
65.0000,-0.5946,-0.0065,-0.0043,-0.2470,-3.9220,1.0132,2.1952,0.6770,-3.8725
66.0000,-0.5951,-0.0067,-0.0044,-0.2509,-3.9250,1.0137,2.1990,0.6777,-3.8836
67.0000,-0.5956,-0.0069,-0.0046,-0.2549,-3.9281,1.0141,2.2029,0.6786,-3.8948
68.0000,-0.5962,-0.0071,-0.0047,-0.2588,-3.9313,1.0146,2.2068,0.6794,-3.9063
69.0000,-0.5968,-0.0073,-0.0049,-0.2627,-3.9345,1.0151,2.2108,0.6802,-3.9179
70.0000,-0.5973,-0.0075,-0.0050,-0.2666,-3.9377,1.0156,2.2147,0.6811,-3.9297
71.0000,-0.5979,-0.0077,-0.0052,-0.2706,-3.9410,1.0161,2.2188,0.6819,-3.9416
72.0000,-0.5985,-0.0080,-0.0053,-0.2745,-3.9444,1.0166,2.2228,0.6828,-3.9537
73.0000,-0.5991,-0.0082,-0.0055,-0.2785,-3.9478,1.0171,2.2269,0.6837,-3.9660
74.0000,-0.5997,-0.0084,-0.0056,-0.2824,-3.9513,1.0176,2.2310,0.6846,-3.9784
75.0000,-0.6003,-0.0086,-0.0058,-0.2864,-3.9549,1.0182,2.2351,0.6856,-3.9910
76.0000,-0.6010,-0.0089,-0.0059,-0.2903,-3.9585,1.0187,2.2393,0.6865,-4.0037
77.0000,-0.6016,-0.0091,-0.0061,-0.2943,-3.9621,1.0193,2.2435,0.6875,-4.0166
78.0000,-0.6023,-0.0094,-0.0063,-0.2982,-3.9658,1.0198,2.2477,0.6884,-4.0296
79.0000,-0.6029,-0.0096,-0.0064,-0.3022,-3.9696,1.0204,2.2519,0.6894,-4.0428
80.0000,-0.6036,-0.0099,-0.0066,-0.3062,-3.9734,1.0210,2.2561,0.6904,-4.0561
81.0000,-0.6043,-0.0101,-0.0068,-0.3102,-3.9773,1.0216,2.2603,0.6915,-4.0696
82.0000,-0.6050,-0.0104,-0.0070,-0.3141,-3.9812,1.0222,2.2646,0.6925,-4.0831
83.0000,-0.6057,-0.0106,-0.0071,-0.3181,-3.9852,1.0228,2.2688,0.6936,-4.0968
84.0000,-0.6064,-0.0109,-0.0073,-0.3221,-3.9893,1.0234,2.2731,0.6946,-4.1107
85.0000,-0.6071,-0.0112,-0.0075,-0.3261,-3.9934,1.0241,2.2773,0.6957,-4.1246
86.0000,-0.6078,-0.0114,-0.0077,-0.3301,-3.9975,1.0247,2.2815,0.6968,-4.1387
87.0000,-0.6086,-0.0117,-0.0079,-0.3341,-4.0018,1.0254,2.2857,0.6979,-4.1528
88.0000,-0.6093,-0.0120,-0.0081,-0.3381,-4.0061,1.0261,2.2899,0.6991,-4.1671
89.0000,-0.6101,-0.0122,-0.0083,-0.3421,-4.0104,1.0267,2.2941,0.7002,-4.1814
90.0000,-0.6109,-0.0125,-0.0085,-0.3461,-4.0148,1.0274,2.2983,0.7014,-4.1959
91.0000,-0.6117,-0.0128,-0.0087,-0.3501,-4.0193,1.0281,2.3024,0.7026,-4.2104
92.0000,-0.6125,-0.0131,-0.0089,-0.3541,-4.0238,1.0288,2.3065,0.7038,-4.2249
93.0000,-0.6133,-0.0134,-0.0091,-0.3582,-4.0283,1.0295,2.3105,0.7050,-4.2396
94.0000,-0.6141,-0.0137,-0.0093,-0.3622,-4.0330,1.0303,2.3145,0.7063,-4.2543
95.0000,-0.6149,-0.0140,-0.0095,-0.3662,-4.0377,1.0310,2.3184,0.7075,-4.2690
96.0000,-0.6158,-0.0143,-0.0097,-0.3703,-4.0424,1.0317,2.3223,0.7088,-4.2838
97.0000,-0.6166,-0.0146,-0.0099,-0.3743,-4.0472,1.0325,2.3261,0.7101,-4.2986
98.0000,-0.6175,-0.0149,-0.0101,-0.3783,-4.0521,1.0333,2.3299,0.7114,-4.3134
99.0000,-0.6184,-0.0152,-0.0103,-0.3824,-4.0570,1.0341,2.3336,0.7128,-4.3281
100.0000,-0.6192,-0.0155,-0.0106,-0.3865,-4.0620,1.0348,2.3372,0.7141,-4.3429
101.0000,-0.6201,-0.0158,-0.0108,-0.3905,-4.0671,1.0356,2.3406,0.7155,-4.3577
102.0000,-0.6210,-0.0161,-0.0110,-0.3946,-4.0722,1.0364,2.3440,0.7169,-4.3724
103.0000,-0.6220,-0.0164,-0.0112,-0.3987,-4.0773,1.0373,2.3473,0.7183,-4.3871
104.0000,-0.6229,-0.0168,-0.0115,-0.4027,-4.0825,1.0381,2.3505,0.7197,-4.4017
105.0000,-0.6238,-0.0171,-0.0117,-0.4068,-4.0878,1.0389,2.3536,0.7211,-4.4162
106.0000,-0.6248,-0.0174,-0.0119,-0.4109,-4.0932,1.0398,2.3565,0.7226,-4.4306
107.0000,-0.6257,-0.0178,-0.0122,-0.4150,-4.0986,1.0406,2.3593,0.7241,-4.4449
108.0000,-0.6267,-0.0181,-0.0124,-0.4191,-4.1040,1.0415,2.3619,0.7256,-4.4591
109.0000,-0.6277,-0.0184,-0.0127,-0.4232,-4.1095,1.0423,2.3644,0.7271,-4.4731
110.0000,-0.6287,-0.0188,-0.0129,-0.4273,-4.1151,1.0432,2.3667,0.7286,-4.4869
111.0000,-0.6297,-0.0191,-0.0132,-0.4314,-4.1207,1.0441,2.3688,0.7302,-4.5006
112.0000,-0.6307,-0.0195,-0.0134,-0.4355,-4.1264,1.0450,2.3708,0.7317,-4.5140
113.0000,-0.6317,-0.0198,-0.0137,-0.4397,-4.1321,1.0459,2.3725,0.7333,-4.5272
114.0000,-0.6327,-0.0202,-0.0139,-0.4438,-4.1379,1.0468,2.3740,0.7349,-4.5401
115.0000,-0.6338,-0.0205,-0.0142,-0.4479,-4.1438,1.0477,2.3753,0.7366,-4.5528
116.0000,-0.6348,-0.0209,-0.0145,-0.4521,-4.1497,1.0486,2.3764,0.7382,-4.5651
117.0000,-0.6359,-0.0213,-0.0147,-0.4562,-4.1556,1.0495,2.3772,0.7399,-4.5771
118.0000,-0.6370,-0.0216,-0.0150,-0.4604,-4.1616,1.0505,2.3778,0.7416,-4.5887
119.0000,-0.6381,-0.0220,-0.0153,-0.4645,-4.1677,1.0514,2.3781,0.7433,-4.6000
120.0000,-0.6392,-0.0224,-0.0156,-0.4687,-4.1738,1.0523,2.3781,0.7450,-4.6108
121.0000,-0.6403,-0.0228,-0.0158,-0.4729,-4.1800,1.0533,2.3778,0.7467,-4.6212
122.0000,-0.6414,-0.0231,-0.0161,-0.4771,-4.1862,1.0542,2.3772,0.7485,-4.6310
123.0000,-0.6425,-0.0235,-0.0164,-0.4813,-4.1925,1.0551,2.3763,0.7502,-4.6404
124.0000,-0.6437,-0.0239,-0.0167,-0.4854,-4.1988,1.0561,2.3751,0.7520,-4.6492
125.0000,-0.6448,-0.0243,-0.0170,-0.4896,-4.2051,1.0570,2.3734,0.7538,-4.6573
126.0000,-0.6460,-0.0247,-0.0173,-0.4939,-4.2116,1.0580,2.3714,0.7557,-4.6649
127.0000,-0.6471,-0.0251,-0.0176,-0.4981,-4.2180,1.0589,2.3690,0.7575,-4.6718
128.0000,-0.6483,-0.0255,-0.0179,-0.5023,-4.2245,1.0598,2.3662,0.7594,-4.6779
129.0000,-0.6495,-0.0259,-0.0182,-0.5065,-4.2310,1.0608,2.3630,0.7612,-4.6833
130.0000,-0.6507,-0.0263,-0.0185,-0.5107,-4.2376,1.0617,2.3593,0.7631,-4.6879
131.0000,-0.6518,-0.0267,-0.0188,-0.5150,-4.2443,1.0626,2.3552,0.7650,-4.6916
132.0000,-0.6530,-0.0271,-0.0191,-0.5192,-4.2509,1.0635,2.3506,0.7669,-4.6945
133.0000,-0.6543,-0.0275,-0.0194,-0.5235,-4.2576,1.0645,2.3454,0.7689,-4.6963
134.0000,-0.6555,-0.0279,-0.0197,-0.5277,-4.2644,1.0654,2.3398,0.7708,-4.6972
135.0000,-0.6567,-0.0283,-0.0201,-0.5320,-4.2711,1.0662,2.3336,0.7728,-4.6970
136.0000,-0.6579,-0.0288,-0.0204,-0.5363,-4.2779,1.0671,2.3269,0.7748,-4.6956
137.0000,-0.6592,-0.0292,-0.0207,-0.5405,-4.2848,1.0680,2.3195,0.7768,-4.6931
138.0000,-0.6604,-0.0296,-0.0211,-0.5448,-4.2916,1.0688,2.3116,0.7788,-4.6893
139.0000,-0.6617,-0.0300,-0.0214,-0.5491,-4.2985,1.0697,2.3030,0.7808,-4.6842
140.0000,-0.6629,-0.0305,-0.0217,-0.5534,-4.3054,1.0705,2.2937,0.7828,-4.6777
141.0000,-0.6642,-0.0309,-0.0221,-0.5577,-4.3123,1.0713,2.2838,0.7849,-4.6698
142.0000,-0.6654,-0.0313,-0.0224,-0.5620,-4.3193,1.0721,2.2732,0.7869,-4.6604
143.0000,-0.6667,-0.0318,-0.0228,-0.5664,-4.3263,1.0728,2.2618,0.7890,-4.6493
144.0000,-0.6680,-0.0322,-0.0231,-0.5707,-4.3332,1.0736,2.2497,0.7910,-4.6366
145.0000,-0.6693,-0.0327,-0.0235,-0.5750,-4.3402,1.0743,2.2368,0.7931,-4.6221
146.0000,-0.6705,-0.0331,-0.0238,-0.5794,-4.3472,1.0749,2.2230,0.7952,-4.6057
147.0000,-0.6718,-0.0336,-0.0242,-0.5837,-4.3542,1.0756,2.2084,0.7973,-4.5874
148.0000,-0.6731,-0.0340,-0.0245,-0.5881,-4.3612,1.0762,2.1930,0.7994,-4.5671
149.0000,-0.6744,-0.0345,-0.0249,-0.5924,-4.3682,1.0767,2.1766,0.8015,-4.5447
150.0000,-0.6756,-0.0350,-0.0253,-0.5968,-4.3752,1.0772,2.1593,0.8036,-4.5200
151.0000,-0.6769,-0.0354,-0.0256,-0.6012,-4.3822,1.0777,2.1409,0.8057,-4.4931
152.0000,-0.6782,-0.0359,-0.0260,-0.6055,-4.3892,1.0782,2.1216,0.8078,-4.4637
153.0000,-0.6795,-0.0364,-0.0264,-0.6099,-4.3962,1.0785,2.1013,0.8099,-4.4317
154.0000,-0.6807,-0.0368,-0.0268,-0.6143,-4.4031,1.0789,2.0798,0.8120,-4.3971
155.0000,-0.6820,-0.0373,-0.0272,-0.6187,-4.4100,1.0791,2.0572,0.8141,-4.3597
156.0000,-0.6833,-0.0378,-0.0276,-0.6231,-4.4169,1.0794,2.0335,0.8161,-4.3194
157.0000,-0.6845,-0.0383,-0.0280,-0.6276,-4.4238,1.0795,2.0085,0.8182,-4.2761
158.0000,-0.6858,-0.0388,-0.0284,-0.6320,-4.4306,1.0796,1.9823,0.8203,-4.2297
159.0000,-0.6870,-0.0393,-0.0288,-0.6364,-4.4373,1.0796,1.9548,0.8224,-4.1799
160.0000,-0.6882,-0.0398,-0.0292,-0.6408,-4.4441,1.0795,1.9260,0.8244,-4.1267
161.0000,-0.6894,-0.0403,-0.0296,-0.6453,-4.4507,1.0794,1.8957,0.8264,-4.0699
162.0000,-0.6907,-0.0407,-0.0300,-0.6497,-4.4573,1.0791,1.8641,0.8285,-4.0094
163.0000,-0.6919,-0.0413,-0.0304,-0.6542,-4.4638,1.0788,1.8309,0.8304,-3.9450
164.0000,-0.6930,-0.0418,-0.0308,-0.6587,-4.4703,1.0784,1.7962,0.8324,-3.8765
165.0000,-0.6942,-0.0423,-0.0312,-0.6631,-4.4767,1.0778,1.7599,0.8344,-3.8038
166.0000,-0.6954,-0.0428,-0.0317,-0.6676,-4.4830,1.0772,1.7219,0.8363,-3.7267
167.0000,-0.6965,-0.0433,-0.0321,-0.6721,-4.4892,1.0764,1.6822,0.8382,-3.6449
168.0000,-0.6976,-0.0438,-0.0325,-0.6766,-4.4953,1.0755,1.6407,0.8401,-3.5584
169.0000,-0.6987,-0.0443,-0.0329,-0.6811,-4.5012,1.0745,1.5974,0.8419,-3.4669
170.0000,-0.6998,-0.0448,-0.0334,-0.6856,-4.5071,1.0734,1.5521,0.8437,-3.3702
171.0000,-0.7008,-0.0454,-0.0338,-0.6901,-4.5128,1.0721,1.5048,0.8454,-3.2681
172.0000,-0.7018,-0.0459,-0.0343,-0.6946,-4.5184,1.0707,1.4555,0.8471,-3.1604
173.0000,-0.7028,-0.0464,-0.0347,-0.6991,-4.5239,1.0690,1.4040,0.8488,-3.0468
174.0000,-0.7038,-0.0470,-0.0352,-0.7036,-4.5292,1.0673,1.3502,0.8504,-2.9271
175.0000,-0.7047,-0.0475,-0.0356,-0.7082,-4.5344,1.0653,1.2941,0.8519,-2.8010
176.0000,-0.7056,-0.0480,-0.0361,-0.7127,-4.5393,1.0632,1.2355,0.8534,-2.6684
177.0000,-0.7065,-0.0486,-0.0365,-0.7172,-4.5441,1.0608,1.1744,0.8548,-2.5289
178.0000,-0.7073,-0.0491,-0.0370,-0.7218,-4.5487,1.0582,1.1107,0.8562,-2.3822
179.0000,-0.7081,-0.0497,-0.0375,-0.7263,-4.5530,1.0555,1.0442,0.8574,-2.2281
180.0000,-0.7088,-0.0502,-0.0380,-0.7309,-4.5572,1.0524,0.9748,0.8586,-2.0662
181.0000,-0.7095,-0.0508,-0.0384,-0.7354,-4.5611,1.0491,0.9024,0.8597,-1.8963
182.0000,-0.7101,-0.0513,-0.0389,-0.7400,-4.5648,1.0456,0.8268,0.8608,-1.7180
183.0000,-0.7107,-0.0519,-0.0394,-0.7446,-4.5681,1.0418,0.7479,0.8617,-1.5310
184.0000,-0.7112,-0.0525,-0.0399,-0.7491,-4.5713,1.0376,0.6656,0.8625,-1.3349
185.0000,-0.7117,-0.0530,-0.0404,-0.7537,-4.5741,1.0332,0.5796,0.8632,-1.1294
186.0000,-0.7121,-0.0536,-0.0409,-0.7583,-4.5766,1.0284,0.4899,0.8638,-0.9140
187.0000,-0.7125,-0.0542,-0.0414,-0.7629,-4.5787,1.0232,0.3961,0.8643,-0.6885
188.0000,-0.7127,-0.0547,-0.0419,-0.7674,-4.5805,1.0177,0.2982,0.8646,-0.4523
189.0000,-0.7129,-0.0553,-0.0424,-0.7720,-4.5820,1.0118,0.1958,0.8648,-0.2051
190.0000,-0.7130,-0.0559,-0.0429,-0.7766,-4.5830,1.0054,0.0887,0.8649,0.0537
191.0000,-0.7131,-0.0565,-0.0434,-0.7812,-4.5836,1.0014,0.0232,0.8648,0.3244
192.0000,-0.7130,-0.0571,-0.0439,-0.7858,-4.5838,1.0087,0.1404,0.8645,0.6076
193.0000,-0.7129,-0.0577,-0.0444,-0.7904,-4.5835,1.0166,0.2630,0.8641,0.9038
194.0000,-0.7126,-0.0583,-0.0449,-0.7949,-4.5827,1.0249,0.3915,0.8635,1.2135
195.0000,-0.7123,-0.0589,-0.0454,-0.7995,-4.5814,1.0339,0.5262,0.8627,1.5373
196.0000,-0.7118,-0.0595,-0.0460,-0.8041,-4.5796,1.0435,0.6673,0.8617,1.8757
197.0000,-0.7112,-0.0601,-0.0465,-0.8087,-4.5771,1.0537,0.8155,0.8604,2.2294
198.0000,-0.7105,-0.0607,-0.0470,-0.8133,-4.5740,1.0647,0.9710,0.8590,2.5990
199.0000,-0.7097,-0.0613,-0.0475,-0.8178,-4.5703,1.0765,1.1345,0.8573,2.9853
200.0000,-0.7087,-0.0619,-0.0481,-0.8224,-4.5658,1.0891,1.3063,0.8553,3.3887
201.0000,-0.7076,-0.0626,-0.0486,-0.8270,-4.5606,1.1025,1.4872,0.8531,3.8103
202.0000,-0.7063,-0.0632,-0.0491,-0.8315,-4.5546,1.1170,1.6777,0.8506,4.2506
203.0000,-0.7048,-0.0638,-0.0497,-0.8361,-4.5478,1.1324,1.8786,0.8478,4.7106
204.0000,-0.7032,-0.0645,-0.0502,-0.8406,-4.5400,1.1490,2.0905,0.8447,5.1910
205.0000,-0.7014,-0.0651,-0.0508,-0.8452,-4.5313,1.1667,2.3144,0.8412,5.6928
206.0000,-0.6994,-0.0658,-0.0513,-0.8497,-4.5215,1.1858,2.5512,0.8374,6.2170
207.0000,-0.6971,-0.0664,-0.0519,-0.8542,-4.5107,1.2062,2.8018,0.8332,6.7645
208.0000,-0.6947,-0.0671,-0.0524,-0.8587,-4.4987,1.2282,3.0675,0.8286,7.3364
209.0000,-0.6919,-0.0677,-0.0530,-0.8632,-4.4854,1.2518,3.3494,0.8236,7.9338
210.0000,-0.6890,-0.0684,-0.0535,-0.8677,-4.4708,1.2772,3.6489,0.8182,8.5579
211.0000,-0.6857,-0.0691,-0.0541,-0.8722,-4.4547,1.3045,3.9677,0.8122,9.2100
212.0000,-0.6822,-0.0697,-0.0546,-0.8766,-4.4371,1.3340,4.3072,0.8058,9.8914
213.0000,-0.6783,-0.0704,-0.0552,-0.8811,-4.4178,1.3658,4.6696,0.7989,10.6035
214.0000,-0.6741,-0.0711,-0.0557,-0.8855,-4.3967,1.4002,5.0568,0.7914,11.3477
215.0000,-0.6695,-0.0718,-0.0563,-0.8899,-4.3737,1.4373,5.4713,0.7833,12.1258
216.0000,-0.6645,-0.0725,-0.0568,-0.8943,-4.3485,1.4776,5.9157,0.7746,12.9394
217.0000,-0.6591,-0.0732,-0.0574,-0.8986,-4.3211,1.5212,6.3930,0.7653,13.7902
218.0000,-0.6532,-0.0739,-0.0579,-0.9029,-4.2911,1.5685,6.9065,0.7552,14.6803
219.0000,-0.6468,-0.0746,-0.0585,-0.9072,-4.2585,1.6200,7.4600,0.7444,15.6117
220.0000,-0.6399,-0.0753,-0.0590,-0.9115,-4.2229,1.6761,8.0577,0.7328,16.5865
221.0000,-0.6324,-0.0761,-0.0596,-0.9157,-4.1841,1.7372,8.7045,0.7204,17.6073
222.0000,-0.6243,-0.0768,-0.0601,-0.9199,-4.1418,1.8040,9.4056,0.7070,18.6764
223.0000,-0.6154,-0.0776,-0.0606,-0.9240,-4.0957,1.8770,10.1673,0.6927,19.7966
224.0000,-0.6058,-0.0783,-0.0612,-0.9281,-4.0453,1.9571,10.9965,0.6774,20.9709
225.0000,-0.5954,-0.0791,-0.0617,-0.9322,-3.9902,2.0450,11.9009,0.6610,22.2023
226.0000,-0.5841,-0.0798,-0.0622,-0.9362,-3.9299,2.1418,12.8896,0.6435,23.4942
227.0000,-0.5718,-0.0806,-0.0627,-0.9401,-3.8640,2.2483,13.9724,0.6247,24.8504
228.0000,-0.5583,-0.0814,-0.0633,-0.9440,-3.7917,2.3658,15.1608,0.6045,26.2746
229.0000,-0.5437,-0.0822,-0.0638,-0.9478,-3.7123,2.4958,16.4673,0.5830,27.7712
230.0000,-0.5278,-0.0830,-0.0642,-0.9515,-3.6251,2.6396,17.9064,0.5599,29.3447
231.0000,-0.5104,-0.0839,-0.0647,-0.9551,-3.5291,2.7989,19.4936,0.5352,30.9999
232.0000,-0.4914,-0.0847,-0.0652,-0.9586,-3.4232,2.9756,21.2462,0.5087,32.7422
233.0000,-0.4706,-0.0855,-0.0656,-0.9620,-3.3064,3.1717,23.1831,0.4804,34.5772
234.0000,-0.4478,-0.0864,-0.0661,-0.9654,-3.1772,3.3892,25.3236,0.4500,36.5108
235.0000,-0.4229,-0.0873,-0.0665,-0.9685,-3.0342,3.6302,27.6877,0.4175,38.5495
236.0000,-0.3955,-0.0881,-0.0669,-0.9716,-2.8756,3.8968,30.2942,0.3826,40.6999
237.0000,-0.3654,-0.0890,-0.0673,-0.9744,-2.6995,4.1906,33.1589,0.3452,42.9690
238.0000,-0.3324,-0.0899,-0.0676,-0.9771,-2.5039,4.5128,36.2918,0.3052,45.3641
239.0000,-0.2962,-0.0909,-0.0679,-0.9796,-2.2866,4.8633,39.6927,0.2622,47.8921
240.0000,-0.2565,-0.0918,-0.0682,-0.9819,-2.0452,5.2404,43.3452,0.2163,50.5602
241.0000,-0.2130,-0.0928,-0.0685,-0.9840,-1.7774,5.6401,47.2099,0.1671,53.3745
242.0000,-0.1655,-0.0937,-0.0687,-0.9858,-1.4811,6.0548,51.2156,0.1145,56.3403
243.0000,-0.1140,-0.0947,-0.0688,-0.9872,-1.1546,6.4728,55.2509,0.0583,59.4615
244.0000,-0.0583,-0.0957,-0.0689,-0.9884,-0.7969,6.8775,59.1591,-0.0014,62.7393
245.0000,0.0014,-0.0967,-0.0690,-0.9892,-0.4081,7.2478,62.7391,-0.0648,66.1720
246.0000,0.0647,-0.0977,-0.0690,-0.9896,0.0098,7.5589,65.7574,-0.1318,69.7539
247.0000,0.1311,-0.0986,-0.0689,-0.9896,0.4531,7.7856,67.9743,-0.2023,73.4749
248.0000,0.1996,-0.0996,-0.0688,-0.9891,0.9158,7.9062,69.1831,-0.2761,77.3199
249.0000,0.2694,-0.1006,-0.0686,-0.9882,1.3896,7.9068,69.2525,-0.3527,81.2691
250.0000,0.3391,-0.1015,-0.0684,-0.9868,1.8648,7.7852,68.1597,-0.4319,85.2990
251.0000,0.4077,-0.1025,-0.0680,-0.9850,2.3310,7.5517,66.0000,-0.5129,89.3837
252.0000,0.4739,-0.1034,-0.0676,-0.9826,2.7781,7.2271,62.9674,-0.5954,93.4965
253.0000,0.5370,-0.1043,-0.0672,-0.9799,3.1979,6.8379,59.3128,-0.6787,97.6120
254.0000,0.5963,-0.1051,-0.0667,-0.9767,3.5846,6.4120,55.2974,-0.7624,101.7076
255.0000,0.6514,-0.1059,-0.0661,-0.9731,3.9349,5.9738,51.1537,-0.8460,105.7642
256.0000,0.7021,-0.1067,-0.0655,-0.9691,4.2482,5.5427,47.0645,-0.9291,109.7670
257.0000,0.7487,-0.1074,-0.0649,-0.9649,4.5256,5.1319,43.1567,-1.0116,113.7051
258.0000,0.7912,-0.1081,-0.0643,-0.9604,4.7696,4.7494,39.5076,-1.0931,117.5708
259.0000,0.8299,-0.1088,-0.0636,-0.9556,4.9833,4.3992,36.1552,-1.1736,121.3596
260.0000,0.8651,-0.1094,-0.0629,-0.9506,5.1701,4.0820,33.1096,-1.2528,125.0692
261.0000,0.8972,-0.1101,-0.0622,-0.9454,5.3335,3.7969,30.3630,-1.3309,128.6989
262.0000,0.9264,-0.1106,-0.0614,-0.9401,5.4765,3.5419,27.8974,-1.4076,132.2491
263.0000,0.9531,-0.1112,-0.0607,-0.9346,5.6020,3.3144,25.6892,-1.4831,135.7214
264.0000,0.9776,-0.1118,-0.0599,-0.9290,5.7124,3.1116,23.7136,-1.5573,139.1176
265.0000,1.0000,-0.1123,-0.0591,-0.9233,5.8099,2.9308,21.9455,-1.6303,142.4399
266.0000,1.0206,-0.1128,-0.0584,-0.9175,5.8962,2.7695,20.3617,-1.7020,145.6908
267.0000,1.0396,-0.1133,-0.0576,-0.9116,5.9730,2.6253,18.9407,-1.7724,148.8729
268.0000,1.0571,-0.1137,-0.0568,-0.9056,6.0415,2.4963,17.6633,-1.8417,151.9886
269.0000,1.0734,-0.1142,-0.0560,-0.8996,6.1028,2.3805,16.5126,-1.9099,155.0404
270.0000,1.0885,-0.1146,-0.0552,-0.8935,6.1580,2.2765,15.4735,-1.9769,158.0308
271.0000,1.1025,-0.1150,-0.0544,-0.8873,6.2077,2.1827,14.5329,-2.0429,160.9620
272.0000,1.1156,-0.1154,-0.0536,-0.8811,6.2527,2.0979,13.6794,-2.1078,163.8363
273.0000,1.1278,-0.1158,-0.0528,-0.8749,6.2936,2.0212,12.9030,-2.1716,166.6557
274.0000,1.1393,-0.1162,-0.0520,-0.8686,6.3308,1.9515,12.1951,-2.2345,169.4222
275.0000,1.1500,-0.1165,-0.0513,-0.8622,6.3648,1.8881,11.5480,-2.2964,172.1377
276.0000,1.1601,-0.1169,-0.0505,-0.8559,6.3959,1.8303,10.9551,-2.3574,174.8040
277.0000,1.1696,-0.1172,-0.0497,-0.8495,6.4244,1.7774,10.4107,-2.4174,177.4227
278.0000,1.1786,-0.1176,-0.0489,-0.8431,6.4507,1.7290,9.9098,-2.4765,179.9953
279.0000,1.1870,-0.1179,-0.0481,-0.8366,6.4750,1.6845,9.4477,-2.5348,182.5234
280.0000,1.1950,-0.1182,-0.0473,-0.8301,6.4974,1.6436,9.0208,-2.5923,185.0082
281.0000,1.2026,-0.1185,-0.0466,-0.8236,6.5182,1.6059,8.6255,-2.6489,187.4512
282.0000,1.2098,-0.1188,-0.0458,-0.8171,6.5376,1.5711,8.2588,-2.7047,189.8536
283.0000,1.2167,-0.1191,-0.0450,-0.8106,6.5555,1.5389,7.9180,-2.7597,192.2165
284.0000,1.2232,-0.1194,-0.0443,-0.8040,6.5723,1.5091,7.6007,-2.8139,194.5409
285.0000,1.2293,-0.1196,-0.0435,-0.7975,6.5880,1.4814,7.3048,-2.8674,196.8280
286.0000,1.2352,-0.1199,-0.0428,-0.7909,6.6026,1.4556,7.0285,-2.9201,199.0787
287.0000,1.2409,-0.1202,-0.0420,-0.7843,6.6163,1.4316,6.7699,-2.9721,201.2939
288.0000,1.2462,-0.1204,-0.0413,-0.7776,6.6292,1.4093,6.5277,-3.0234,203.4745
289.0000,1.2514,-0.1207,-0.0405,-0.7710,6.6413,1.3884,6.3005,-3.0741,205.6213
290.0000,1.2563,-0.1209,-0.0398,-0.7644,6.6527,1.3689,6.0870,-3.1240,207.7352
291.0000,1.2610,-0.1211,-0.0391,-0.7577,6.6634,1.3506,5.8862,-3.1732,209.8168
292.0000,1.2655,-0.1214,-0.0384,-0.7511,6.6736,1.3334,5.6971,-3.2218,211.8668
293.0000,1.2698,-0.1216,-0.0376,-0.7444,6.6831,1.3173,5.5187,-3.2698,213.8859
294.0000,1.2740,-0.1218,-0.0369,-0.7377,6.6922,1.3022,5.3503,-3.3171,215.8748
295.0000,1.2780,-0.1220,-0.0362,-0.7310,6.7008,1.2880,5.1911,-3.3638,217.8341
296.0000,1.2818,-0.1222,-0.0355,-0.7243,6.7089,1.2746,5.0405,-3.4098,219.7643
297.0000,1.2855,-0.1225,-0.0348,-0.7176,6.7166,1.2619,4.8979,-3.4553,221.6660
298.0000,1.2891,-0.1227,-0.0341,-0.7109,6.7240,1.2500,4.7626,-3.5001,223.5397
299.0000,1.2925,-0.1229,-0.0335,-0.7042,6.7309,1.2387,4.6342,-3.5444,225.3859
300.0000,1.2958,-0.1230,-0.0328,-0.6974,6.7376,1.2281,4.5123,-3.5881,227.2051
301.0000,1.2990,-0.1232,-0.0321,-0.6907,6.7439,1.2180,4.3964,-3.6312,228.9977
302.0000,1.3021,-0.1234,-0.0315,-0.6839,6.7499,1.2084,4.2861,-3.6737,230.7642
303.0000,1.3050,-0.1236,-0.0308,-0.6772,6.7556,1.1994,4.1810,-3.7157,232.5050
304.0000,1.3079,-0.1238,-0.0301,-0.6704,6.7611,1.1908,4.0809,-3.7571,234.2206
305.0000,1.3107,-0.1240,-0.0295,-0.6637,6.7664,1.1826,3.9854,-3.7980,235.9112
306.0000,1.3133,-0.1241,-0.0288,-0.6569,6.7714,1.1749,3.8943,-3.8383,237.5773
307.0000,1.3159,-0.1243,-0.0282,-0.6501,6.7762,1.1675,3.8072,-3.8781,239.2191
308.0000,1.3184,-0.1245,-0.0276,-0.6434,6.7808,1.1605,3.7240,-3.9174,240.8372
309.0000,1.3209,-0.1246,-0.0270,-0.6366,6.7852,1.1538,3.6443,-3.9561,242.4317
310.0000,1.3232,-0.1248,-0.0263,-0.6298,6.7894,1.1474,3.5682,-3.9943,244.0029
311.0000,1.3255,-0.1249,-0.0257,-0.6230,6.7935,1.1413,3.4952,-4.0320,245.5513
312.0000,1.3277,-0.1251,-0.0251,-0.6162,6.7974,1.1355,3.4253,-4.0692,247.0771
313.0000,1.3298,-0.1252,-0.0245,-0.6094,6.8011,1.1300,3.3582,-4.1059,248.5805
314.0000,1.3319,-0.1254,-0.0239,-0.6026,6.8047,1.1247,3.2939,-4.1421,250.0618
315.0000,1.3339,-0.1255,-0.0234,-0.5958,6.8081,1.1197,3.2322,-4.1777,251.5213
316.0000,1.3359,-0.1257,-0.0228,-0.5890,6.8114,1.1148,3.1729,-4.2129,252.9592
317.0000,1.3377,-0.1258,-0.0222,-0.5822,6.8146,1.1102,3.1160,-4.2476,254.3758
318.0000,1.3396,-0.1259,-0.0216,-0.5754,6.8177,1.1058,3.0612,-4.2819,255.7713
319.0000,1.3414,-0.1261,-0.0211,-0.5686,6.8207,1.1015,3.0086,-4.3156,257.1459
320.0000,1.3431,-0.1262,-0.0205,-0.5617,6.8235,1.0975,2.9579,-4.3489,258.4999
321.0000,1.3448,-0.1263,-0.0200,-0.5549,6.8263,1.0936,2.9091,-4.3817,259.8334
322.0000,1.3464,-0.1264,-0.0194,-0.5481,6.8289,1.0898,2.8622,-4.4140,261.1467
323.0000,1.3480,-0.1266,-0.0189,-0.5413,6.8315,1.0863,2.8170,-4.4458,262.4399
324.0000,1.3495,-0.1267,-0.0184,-0.5344,6.8340,1.0828,2.7734,-4.4772,263.7132
325.0000,1.3511,-0.1268,-0.0179,-0.5276,6.8363,1.0795,2.7314,-4.5082,264.9668
326.0000,1.3525,-0.1269,-0.0173,-0.5208,6.8386,1.0764,2.6909,-4.5387,266.2010
327.0000,1.3539,-0.1270,-0.0168,-0.5139,6.8409,1.0733,2.6518,-4.5687,267.4157
328.0000,1.3553,-0.1271,-0.0163,-0.5071,6.8430,1.0704,2.6141,-4.5983,268.6113
329.0000,1.3567,-0.1272,-0.0158,-0.5002,6.8451,1.0676,2.5778,-4.6274,269.7879
330.0000,1.3580,-0.1274,-0.0153,-0.4934,6.8471,1.0649,2.5426,-4.6561,270.9456
331.0000,1.3592,-0.1275,-0.0149,-0.4865,6.8490,1.0623,2.5087,-4.6843,272.0846
332.0000,1.3605,-0.1276,-0.0144,-0.4797,6.8509,1.0597,2.4759,-4.7121,273.2050
333.0000,1.3617,-0.1277,-0.0139,-0.4728,6.8527,1.0573,2.4443,-4.7395,274.3070
334.0000,1.3629,-0.1278,-0.0135,-0.4660,6.8545,1.0550,2.4137,-4.7664,275.3907
335.0000,1.3640,-0.1279,-0.0130,-0.4591,6.8562,1.0528,2.3841,-4.7929,276.4562
336.0000,1.3651,-0.1279,-0.0125,-0.4523,6.8578,1.0506,2.3555,-4.8189,277.5037
337.0000,1.3662,-0.1280,-0.0121,-0.4454,6.8594,1.0485,2.3278,-4.8446,278.5333
338.0000,1.3672,-0.1281,-0.0117,-0.4386,6.8610,1.0465,2.3011,-4.8698,279.5450
339.0000,1.3683,-0.1282,-0.0112,-0.4317,6.8625,1.0446,2.2752,-4.8945,280.5391
340.0000,1.3693,-0.1283,-0.0108,-0.4248,6.8639,1.0427,2.2502,-4.9189,281.5156
341.0000,1.3702,-0.1284,-0.0104,-0.4180,6.8653,1.0410,2.2260,-4.9428,282.4746
342.0000,1.3712,-0.1285,-0.0100,-0.4111,6.8667,1.0392,2.2025,-4.9663,283.4163
343.0000,1.3721,-0.1286,-0.0096,-0.4042,6.8680,1.0376,2.1799,-4.9894,284.3407
344.0000,1.3730,-0.1286,-0.0092,-0.3974,6.8693,1.0359,2.1579,-5.0121,285.2480
345.0000,1.3739,-0.1287,-0.0088,-0.3905,6.8705,1.0344,2.1367,-5.0344,286.1382
346.0000,1.3747,-0.1288,-0.0084,-0.3836,6.8717,1.0329,2.1161,-5.0562,287.0115
347.0000,1.3755,-0.1289,-0.0080,-0.3768,6.8729,1.0314,2.0962,-5.0776,287.8679
348.0000,1.3763,-0.1289,-0.0077,-0.3699,6.8740,1.0301,2.0769,-5.0987,288.7074
349.0000,1.3771,-0.1290,-0.0073,-0.3630,6.8751,1.0287,2.0582,-5.1193,289.5303
350.0000,1.3779,-0.1291,-0.0070,-0.3561,6.8761,1.0274,2.0402,-5.1395,290.3366
351.0000,1.3786,-0.1291,-0.0066,-0.3493,6.8772,1.0262,2.0227,-5.1593,291.1263
352.0000,1.3793,-0.1292,-0.0063,-0.3424,6.8782,1.0249,2.0058,-5.1787,291.8996
353.0000,1.3800,-0.1293,-0.0059,-0.3355,6.8791,1.0238,1.9894,-5.1977,292.6564
354.0000,1.3807,-0.1293,-0.0056,-0.3286,6.8800,1.0226,1.9735,-5.2163,293.3970
355.0000,1.3814,-0.1294,-0.0053,-0.3218,6.8810,1.0216,1.9582,-5.2345,294.1213
356.0000,1.3820,-0.1295,-0.0050,-0.3149,6.8818,1.0205,1.9433,-5.2523,294.8295
357.0000,1.3827,-0.1295,-0.0046,-0.3080,6.8827,1.0195,1.9289,-5.2697,295.5215
358.0000,1.3833,-0.1296,-0.0043,-0.3011,6.8835,1.0185,1.9150,-5.2867,296.1975
359.0000,1.3839,-0.1296,-0.0040,-0.2942,6.8843,1.0176,1.9016,-5.3034,296.8576
360.0000,1.3844,-0.1297,-0.0038,-0.2873,6.8851,1.0167,1.8886,-5.3196,297.5017
361.0000,1.3850,-0.1297,-0.0035,-0.2805,6.8858,1.0158,1.8760,-5.3354,298.1299
362.0000,1.3855,-0.1298,-0.0032,-0.2736,6.8865,1.0149,1.8639,-5.3508,298.7424
363.0000,1.3860,-0.1298,-0.0029,-0.2667,6.8872,1.0141,1.8521,-5.3659,299.3391
364.0000,1.3865,-0.1299,-0.0027,-0.2598,6.8879,1.0133,1.8408,-5.3805,299.9201
365.0000,1.3870,-0.1299,-0.0024,-0.2529,6.8885,1.0126,1.8298,-5.3948,300.4855
366.0000,1.3875,-0.1300,-0.0022,-0.2460,6.8892,1.0119,1.8193,-5.4086,301.0352
367.0000,1.3880,-0.1300,-0.0019,-0.2391,6.8898,1.0112,1.8091,-5.4221,301.5695
368.0000,1.3884,-0.1301,-0.0017,-0.2322,6.8904,1.0105,1.7992,-5.4352,302.0882
369.0000,1.3888,-0.1301,-0.0015,-0.2254,6.8909,1.0098,1.7898,-5.4479,302.5915
370.0000,1.3893,-0.1302,-0.0012,-0.2185,6.8915,1.0092,1.7806,-5.4603,303.0794
371.0000,1.3897,-0.1302,-0.0010,-0.2116,6.8920,1.0086,1.7718,-5.4722,303.5519
372.0000,1.3900,-0.1302,-0.0008,-0.2047,6.8925,1.0080,1.7634,-5.4837,304.0091
373.0000,1.3904,-0.1303,-0.0006,-0.1978,6.8930,1.0075,1.7553,-5.4949,304.4510
374.0000,1.3908,-0.1303,-0.0004,-0.1909,6.8935,1.0070,1.7475,-5.5057,304.8777
375.0000,1.3911,-0.1303,-0.0002,-0.1840,6.8939,1.0065,1.7400,-5.5161,305.2892
376.0000,1.3915,-0.1304,-0.0001,-0.1771,6.8943,1.0060,1.7328,-5.5261,305.6855
377.0000,1.3918,-0.1304,0.0001,-0.1702,6.8948,1.0055,1.7259,-5.5358,306.0666
378.0000,1.3921,-0.1304,0.0003,-0.1633,6.8952,1.0051,1.7193,-5.5450,306.4326
379.0000,1.3924,-0.1305,0.0005,-0.1564,6.8955,1.0047,1.7131,-5.5539,306.7836
380.0000,1.3927,-0.1305,0.0006,-0.1495,6.8959,1.0043,1.7071,-5.5624,307.1195
381.0000,1.3929,-0.1305,0.0008,-0.1426,6.8962,1.0039,1.7013,-5.5706,307.4404
382.0000,1.3932,-0.1305,0.0009,-0.1357,6.8966,1.0035,1.6959,-5.5783,307.7463
383.0000,1.3934,-0.1306,0.0010,-0.1288,6.8969,1.0032,1.6908,-5.5857,308.0372
384.0000,1.3936,-0.1306,0.0012,-0.1219,6.8972,1.0029,1.6859,-5.5927,308.3132
385.0000,1.3939,-0.1306,0.0013,-0.1150,6.8975,1.0025,1.6813,-5.5993,308.5743
386.0000,1.3941,-0.1306,0.0014,-0.1081,6.8977,1.0023,1.6769,-5.6055,308.8204
387.0000,1.3943,-0.1307,0.0015,-0.1012,6.8980,1.0020,1.6728,-5.6114,309.0517
388.0000,1.3944,-0.1307,0.0016,-0.0944,6.8982,1.0017,1.6690,-5.6169,309.2682
389.0000,1.3946,-0.1307,0.0017,-0.0875,6.8985,1.0015,1.6654,-5.6220,309.4698
390.0000,1.3948,-0.1307,0.0018,-0.0806,6.8987,1.0013,1.6621,-5.6267,309.6566
391.0000,1.3949,-0.1307,0.0019,-0.0737,6.8989,1.0011,1.6590,-5.6311,309.8285
392.0000,1.3950,-0.1307,0.0019,-0.0668,6.8990,1.0009,1.6562,-5.6351,309.9857
393.0000,1.3952,-0.1307,0.0020,-0.0599,6.8992,1.0008,1.6537,-5.6387,310.1281
394.0000,1.3953,-0.1308,0.0020,-0.0530,6.8993,1.0006,1.6513,-5.6419,310.2558
395.0000,1.3954,-0.1308,0.0021,-0.0461,6.8995,1.0005,1.6493,-5.6448,310.3687
396.0000,1.3955,-0.1308,0.0021,-0.0392,6.8996,1.0004,1.6474,-5.6473,310.4669
397.0000,1.3955,-0.1308,0.0022,-0.0323,6.8997,1.0003,1.6458,-5.6494,310.5503
398.0000,1.3956,-0.1308,0.0022,-0.0254,6.8998,1.0002,1.6445,-5.6511,310.6191
399.0000,1.3957,-0.1308,0.0022,-0.0185,6.8999,1.0001,1.6434,-5.6525,310.6731
400.0000,1.3957,-0.1308,0.0023,-0.0116,6.8999,1.0001,1.6425,-5.6535,310.7124
401.0000,1.3957,-0.1308,0.0023,-0.0047,6.9000,1.0000,1.6419,-5.6541,310.7370
402.0000,1.3957,-0.1308,0.0023,0.0022,6.9000,1.0000,1.6415,-5.6544,310.7469
403.0000,1.3958,-0.1308,0.0023,0.0091,6.9001,1.0000,1.6413,-5.6542,310.7422
404.0000,1.3957,-0.1308,0.0023,0.0160,6.9001,1.0000,1.6414,-5.6537,310.7227
405.0000,1.3957,-0.1308,0.0022,0.0229,6.9001,1.0000,1.6417,-5.6529,310.6886
406.0000,1.3957,-0.1308,0.0022,0.0298,6.9000,1.0001,1.6423,-5.6516,310.6397
407.0000,1.3957,-0.1308,0.0022,0.0367,6.9000,1.0001,1.6431,-5.6500,310.5762
408.0000,1.3956,-0.1308,0.0022,0.0436,6.9000,1.0002,1.6441,-5.6480,310.4980
409.0000,1.3956,-0.1308,0.0021,0.0505,6.8999,1.0003,1.6453,-5.6457,310.4051
410.0000,1.3955,-0.1308,0.0021,0.0574,6.8998,1.0004,1.6468,-5.6430,310.2975
411.0000,1.3954,-0.1307,0.0020,0.0643,6.8997,1.0006,1.6486,-5.6399,310.1752
412.0000,1.3953,-0.1307,0.0019,0.0712,6.8996,1.0007,1.6506,-5.6364,310.0382
413.0000,1.3952,-0.1307,0.0019,0.0781,6.8995,1.0009,1.6528,-5.6325,309.8865
414.0000,1.3951,-0.1307,0.0018,0.0850,6.8994,1.0010,1.6553,-5.6283,309.7201
415.0000,1.3950,-0.1307,0.0017,0.0919,6.8993,1.0012,1.6580,-5.6237,309.5389
416.0000,1.3948,-0.1307,0.0016,0.0988,6.8991,1.0014,1.6610,-5.6188,309.3430
417.0000,1.3947,-0.1307,0.0015,0.1057,6.8989,1.0017,1.6642,-5.6134,309.1323
418.0000,1.3945,-0.1306,0.0014,0.1126,6.8987,1.0019,1.6677,-5.6077,308.9069
419.0000,1.3943,-0.1306,0.0013,0.1195,6.8985,1.0022,1.6714,-5.6016,308.6667
420.0000,1.3941,-0.1306,0.0012,0.1264,6.8983,1.0024,1.6754,-5.5952,308.4117
421.0000,1.3939,-0.1306,0.0011,0.1333,6.8981,1.0027,1.6796,-5.5883,308.1419
422.0000,1.3937,-0.1306,0.0009,0.1402,6.8978,1.0031,1.6841,-5.5811,307.8572
423.0000,1.3935,-0.1305,0.0008,0.1471,6.8976,1.0034,1.6889,-5.5735,307.5578
424.0000,1.3933,-0.1305,0.0007,0.1540,6.8973,1.0037,1.6939,-5.5656,307.2434
425.0000,1.3930,-0.1305,0.0005,0.1609,6.8970,1.0041,1.6992,-5.5572,306.9142
426.0000,1.3928,-0.1305,0.0003,0.1678,6.8967,1.0045,1.7048,-5.5485,306.5700
427.0000,1.3925,-0.1304,0.0002,0.1747,6.8964,1.0049,1.7107,-5.5394,306.2110
428.0000,1.3922,-0.1304,0.0000,0.1816,6.8960,1.0053,1.7169,-5.5300,305.8369
429.0000,1.3919,-0.1304,-0.0002,0.1885,6.8957,1.0058,1.7233,-5.5201,305.4479
430.0000,1.3916,-0.1303,-0.0004,0.1954,6.8953,1.0063,1.7300,-5.5099,305.0439
431.0000,1.3913,-0.1303,-0.0005,0.2023,6.8949,1.0068,1.7371,-5.4993,304.6249
432.0000,1.3909,-0.1303,-0.0007,0.2092,6.8945,1.0073,1.7444,-5.4883,304.1908
433.0000,1.3906,-0.1302,-0.0010,0.2161,6.8941,1.0078,1.7521,-5.4770,303.7416
434.0000,1.3902,-0.1302,-0.0012,0.2230,6.8936,1.0084,1.7600,-5.4653,303.2773
435.0000,1.3898,-0.1301,-0.0014,0.2299,6.8932,1.0090,1.7683,-5.4531,302.7979
436.0000,1.3894,-0.1301,-0.0016,0.2368,6.8927,1.0096,1.7769,-5.4407,302.3032
437.0000,1.3890,-0.1301,-0.0018,0.2437,6.8922,1.0102,1.7859,-5.4278,301.7934
438.0000,1.3886,-0.1300,-0.0021,0.2506,6.8917,1.0109,1.7951,-5.4145,301.2682
439.0000,1.3882,-0.1300,-0.0023,0.2574,6.8912,1.0115,1.8048,-5.4009,300.7278
440.0000,1.3877,-0.1299,-0.0026,0.2643,6.8906,1.0123,1.8148,-5.3869,300.1721
441.0000,1.3872,-0.1299,-0.0028,0.2712,6.8900,1.0130,1.8251,-5.3725,299.6009
442.0000,1.3868,-0.1298,-0.0031,0.2781,6.8894,1.0138,1.8358,-5.3577,299.0144
443.0000,1.3863,-0.1298,-0.0034,0.2850,6.8888,1.0146,1.8469,-5.3425,298.4123
444.0000,1.3858,-0.1297,-0.0037,0.2919,6.8882,1.0154,1.8584,-5.3270,297.7948
445.0000,1.3852,-0.1297,-0.0039,0.2988,6.8875,1.0162,1.8703,-5.3110,297.1617
446.0000,1.3847,-0.1296,-0.0042,0.3057,6.8868,1.0171,1.8826,-5.2947,296.5130
447.0000,1.3841,-0.1296,-0.0045,0.3126,6.8861,1.0181,1.8954,-5.2780,295.8487
448.0000,1.3835,-0.1295,-0.0048,0.3194,6.8854,1.0190,1.9085,-5.2609,295.1686
449.0000,1.3830,-0.1294,-0.0052,0.3263,6.8847,1.0200,1.9221,-5.2434,294.4728
450.0000,1.3823,-0.1294,-0.0055,0.3332,6.8839,1.0210,1.9362,-5.2255,293.7612
451.0000,1.3817,-0.1293,-0.0058,0.3401,6.8831,1.0221,1.9507,-5.2072,293.0337
452.0000,1.3811,-0.1292,-0.0061,0.3470,6.8823,1.0232,1.9657,-5.1885,292.2902
453.0000,1.3804,-0.1292,-0.0065,0.3539,6.8814,1.0243,1.9812,-5.1695,291.5308
454.0000,1.3797,-0.1291,-0.0068,0.3607,6.8805,1.0255,1.9972,-5.1500,290.7553
455.0000,1.3790,-0.1290,-0.0072,0.3676,6.8796,1.0267,2.0137,-5.1302,289.9637
456.0000,1.3783,-0.1290,-0.0075,0.3745,6.8787,1.0280,2.0307,-5.1099,289.1560
457.0000,1.3775,-0.1289,-0.0079,0.3814,6.8777,1.0293,2.0484,-5.0893,288.3319
458.0000,1.3768,-0.1288,-0.0083,0.3883,6.8767,1.0306,2.0666,-5.0682,287.4916
459.0000,1.3760,-0.1288,-0.0087,0.3951,6.8757,1.0320,2.0853,-5.0468,286.6348
460.0000,1.3752,-0.1287,-0.0091,0.4020,6.8746,1.0335,2.1047,-5.0249,285.7616
461.0000,1.3744,-0.1286,-0.0095,0.4089,6.8735,1.0350,2.1248,-5.0027,284.8718
462.0000,1.3735,-0.1285,-0.0099,0.4158,6.8724,1.0366,2.1454,-4.9800,283.9654
463.0000,1.3726,-0.1284,-0.0103,0.4226,6.8712,1.0382,2.1668,-4.9570,283.0423
464.0000,1.3717,-0.1284,-0.0107,0.4295,6.8700,1.0399,2.1888,-4.9335,282.1024
465.0000,1.3708,-0.1283,-0.0111,0.4364,6.8688,1.0416,2.2116,-4.9097,281.1457
466.0000,1.3699,-0.1282,-0.0115,0.4432,6.8675,1.0434,2.2351,-4.8854,280.1719
467.0000,1.3689,-0.1281,-0.0120,0.4501,6.8662,1.0452,2.2594,-4.8607,279.1811
468.0000,1.3679,-0.1280,-0.0124,0.4570,6.8648,1.0472,2.2845,-4.8356,278.1731
469.0000,1.3669,-0.1279,-0.0128,0.4638,6.8634,1.0492,2.3104,-4.8101,277.1479
470.0000,1.3658,-0.1278,-0.0133,0.4707,6.8619,1.0513,2.3372,-4.7841,276.1053
471.0000,1.3647,-0.1277,-0.0138,0.4776,6.8605,1.0534,2.3649,-4.7578,275.0453
472.0000,1.3636,-0.1276,-0.0142,0.4844,6.8589,1.0556,2.3935,-4.7310,273.9677
473.0000,1.3625,-0.1275,-0.0147,0.4913,6.8573,1.0580,2.4230,-4.7038,272.8724
474.0000,1.3613,-0.1274,-0.0152,0.4981,6.8557,1.0604,2.4536,-4.6762,271.7594
475.0000,1.3601,-0.1273,-0.0157,0.5050,6.8540,1.0629,2.4852,-4.6482,270.6284
476.0000,1.3589,-0.1272,-0.0162,0.5119,6.8522,1.0655,2.5179,-4.6197,269.4794
477.0000,1.3576,-0.1271,-0.0167,0.5187,6.8504,1.0682,2.5518,-4.5909,268.3122
478.0000,1.3563,-0.1270,-0.0172,0.5256,6.8485,1.0709,2.5868,-4.5615,267.1268
479.0000,1.3550,-0.1269,-0.0177,0.5324,6.8466,1.0739,2.6230,-4.5318,265.9230
480.0000,1.3536,-0.1268,-0.0182,0.5393,6.8446,1.0769,2.6606,-4.5016,264.7006
481.0000,1.3522,-0.1267,-0.0187,0.5461,6.8425,1.0800,2.6994,-4.4710,263.4595
482.0000,1.3508,-0.1265,-0.0193,0.5529,6.8404,1.0833,2.7397,-4.4399,262.1996
483.0000,1.3493,-0.1264,-0.0198,0.5598,6.8382,1.0867,2.7814,-4.4084,260.9208
484.0000,1.3477,-0.1263,-0.0204,0.5666,6.8359,1.0902,2.8247,-4.3765,259.6227
485.0000,1.3462,-0.1262,-0.0209,0.5735,6.8335,1.0939,2.8696,-4.3441,258.3054
486.0000,1.3445,-0.1260,-0.0215,0.5803,6.8311,1.0978,2.9161,-4.3113,256.9687
487.0000,1.3429,-0.1259,-0.0220,0.5871,6.8286,1.1018,2.9644,-4.2780,255.6123
488.0000,1.3412,-0.1258,-0.0226,0.5939,6.8259,1.1059,3.0145,-4.2442,254.2361
489.0000,1.3394,-0.1256,-0.0232,0.6008,6.8232,1.1103,3.0665,-4.2100,252.8399
490.0000,1.3376,-0.1255,-0.0238,0.6076,6.8204,1.1148,3.1206,-4.1753,251.4236
491.0000,1.3357,-0.1254,-0.0244,0.6144,6.8175,1.1196,3.1768,-4.1402,249.9869
492.0000,1.3338,-0.1252,-0.0250,0.6212,6.8144,1.1245,3.2353,-4.1046,248.5296
493.0000,1.3318,-0.1251,-0.0256,0.6280,6.8113,1.1297,3.2961,-4.0686,247.0516
494.0000,1.3298,-0.1249,-0.0262,0.6349,6.8080,1.1351,3.3593,-4.0320,245.5525
495.0000,1.3277,-0.1248,-0.0268,0.6417,6.8046,1.1407,3.4252,-3.9950,244.0323
496.0000,1.3255,-0.1246,-0.0274,0.6485,6.8011,1.1466,3.4938,-3.9575,242.4907
497.0000,1.3233,-0.1245,-0.0280,0.6553,6.7974,1.1528,3.5654,-3.9195,240.9274
498.0000,1.3210,-0.1243,-0.0287,0.6621,6.7936,1.1593,3.6400,-3.8811,239.3421
499.0000,1.3186,-0.1241,-0.0293,0.6689,6.7896,1.1661,3.7178,-3.8421,237.7347
500.0000,1.3162,-0.1240,-0.0300,0.6757,6.7855,1.1733,3.7991,-3.8027,236.1049
501.0000,1.3136,-0.1238,-0.0306,0.6824,6.7812,1.1807,3.8840,-3.7627,234.4524
502.0000,1.3110,-0.1236,-0.0313,0.6892,6.7767,1.1886,3.9727,-3.7223,232.7768
503.0000,1.3083,-0.1235,-0.0319,0.6960,6.7721,1.1969,4.0656,-3.6813,231.0780
504.0000,1.3056,-0.1233,-0.0326,0.7028,6.7672,1.2056,4.1627,-3.6398,229.3556
505.0000,1.3027,-0.1231,-0.0333,0.7095,6.7621,1.2147,4.2645,-3.5978,227.6094
506.0000,1.2997,-0.1229,-0.0340,0.7163,6.7568,1.2243,4.3712,-3.5553,225.8388
507.0000,1.2966,-0.1227,-0.0347,0.7231,6.7512,1.2345,4.4831,-3.5122,224.0437
508.0000,1.2934,-0.1225,-0.0354,0.7298,6.7454,1.2452,4.6005,-3.4686,222.2237
509.0000,1.2901,-0.1223,-0.0361,0.7366,6.7393,1.2565,4.7239,-3.4245,220.3784
510.0000,1.2867,-0.1221,-0.0368,0.7433,6.7329,1.2684,4.8536,-3.3798,218.5074
511.0000,1.2831,-0.1219,-0.0375,0.7500,6.7262,1.2810,4.9901,-3.3346,216.6103
512.0000,1.2794,-0.1217,-0.0382,0.7568,6.7192,1.2944,5.1339,-3.2888,214.6867
513.0000,1.2756,-0.1215,-0.0389,0.7635,6.7118,1.3085,5.2854,-3.2425,212.7361
514.0000,1.2716,-0.1212,-0.0397,0.7702,6.7041,1.3235,5.4453,-3.1955,210.7582
515.0000,1.2675,-0.1210,-0.0404,0.7769,6.6959,1.3395,5.6142,-3.1480,208.7524
516.0000,1.2632,-0.1208,-0.0411,0.7836,6.6873,1.3564,5.7927,-3.0999,206.7182
517.0000,1.2587,-0.1206,-0.0419,0.7903,6.6783,1.3744,5.9817,-3.0513,204.6551
518.0000,1.2541,-0.1203,-0.0426,0.7969,6.6687,1.3936,6.1819,-3.0020,202.5626
519.0000,1.2492,-0.1201,-0.0434,0.8036,6.6587,1.4140,6.3942,-2.9521,200.4402
520.0000,1.2442,-0.1198,-0.0442,0.8103,6.6480,1.4358,6.6197,-2.9016,198.2871
521.0000,1.2389,-0.1195,-0.0449,0.8169,6.6367,1.4591,6.8594,-2.8504,196.1029
522.0000,1.2334,-0.1193,-0.0457,0.8236,6.6247,1.4840,7.1145,-2.7986,193.8868
523.0000,1.2276,-0.1190,-0.0465,0.8302,6.6120,1.5107,7.3865,-2.7462,191.6382
524.0000,1.2216,-0.1187,-0.0473,0.8368,6.5986,1.5393,7.6767,-2.6931,189.3564
525.0000,1.2153,-0.1184,-0.0480,0.8434,6.5842,1.5701,7.9870,-2.6393,187.0406
526.0000,1.2086,-0.1181,-0.0488,0.8500,6.5689,1.6032,8.3190,-2.5849,184.6900
527.0000,1.2017,-0.1178,-0.0496,0.8565,6.5526,1.6389,8.6748,-2.5298,182.3039
528.0000,1.1944,-0.1175,-0.0504,0.8631,6.5352,1.6773,9.0569,-2.4739,179.8813
529.0000,1.1867,-0.1172,-0.0512,0.8696,6.5165,1.7189,9.4676,-2.4174,177.4214
530.0000,1.1786,-0.1169,-0.0520,0.8762,6.4965,1.7640,9.9100,-2.3601,174.9232
531.0000,1.1700,-0.1166,-0.0528,0.8826,6.4750,1.8128,10.3872,-2.3021,172.3857
532.0000,1.1610,-0.1162,-0.0537,0.8891,6.4519,1.8659,10.9030,-2.2433,169.8079
533.0000,1.1515,-0.1159,-0.0545,0.8956,6.4270,1.9236,11.4613,-2.1837,167.1887
534.0000,1.1414,-0.1155,-0.0553,0.9020,6.4000,1.9866,12.0668,-2.1234,164.5270
535.0000,1.1307,-0.1151,-0.0561,0.9084,6.3709,2.0554,12.7248,-2.0623,161.8215
536.0000,1.1193,-0.1147,-0.0569,0.9148,6.3393,2.1306,13.4412,-2.0003,159.0710
537.0000,1.1072,-0.1143,-0.0578,0.9211,6.3050,2.2132,14.2226,-1.9375,156.2742
538.0000,1.0943,-0.1139,-0.0586,0.9274,6.2676,2.3039,15.0765,-1.8739,153.4297
539.0000,1.0806,-0.1135,-0.0594,0.9337,6.2267,2.4038,16.0115,-1.8094,150.5362
540.0000,1.0659,-0.1131,-0.0602,0.9399,6.1820,2.5140,17.0372,-1.7440,147.5921
541.0000,1.0502,-0.1126,-0.0610,0.9461,6.1328,2.6358,18.1646,-1.6778,144.5960
542.0000,1.0333,-0.1121,-0.0619,0.9522,6.0788,2.7706,19.4057,-1.6106,141.5464
543.0000,1.0152,-0.1116,-0.0627,0.9583,6.0191,2.9201,20.7741,-1.5425,138.4417
544.0000,0.9956,-0.1111,-0.0635,0.9643,5.9530,3.0862,22.2850,-1.4735,135.2804
545.0000,0.9745,-0.1106,-0.0643,0.9703,5.8797,3.2708,23.9548,-1.4036,132.0611
546.0000,0.9517,-0.1101,-0.0651,0.9762,5.7980,3.4761,25.8013,-1.3327,128.7823
547.0000,0.9271,-0.1095,-0.0659,0.9820,5.7068,3.7045,27.8432,-1.2609,125.4429
548.0000,0.9003,-0.1089,-0.0667,0.9877,5.6047,3.9585,30.0992,-1.1881,122.0418
549.0000,0.8712,-0.1083,-0.0675,0.9933,5.4901,4.2404,32.5871,-1.1145,118.5783
550.0000,0.8395,-0.1077,-0.0682,0.9988,5.3610,4.5523,35.3218,-1.0399,115.0521
551.0000,0.8050,-0.1070,-0.0690,1.0041,5.2154,4.8957,38.3122,-0.9646,111.4638
552.0000,0.7674,-0.1063,-0.0697,1.0093,5.0508,5.2712,41.5576,-0.8885,107.8144
553.0000,0.7264,-0.1056,-0.0704,1.0144,4.8647,5.6775,45.0417,-0.8117,104.1063
554.0000,0.6818,-0.1048,-0.0711,1.0192,4.6541,6.1108,48.7255,-0.7344,100.3432
555.0000,0.6334,-0.1040,-0.0717,1.0239,4.4161,6.5639,52.5394,-0.6567,96.5306
556.0000,0.5811,-0.1032,-0.0723,1.0283,4.1477,7.0247,56.3746,-0.5789,92.6763
557.0000,0.5247,-0.1023,-0.0729,1.0325,3.8464,7.4759,60.0777,-0.5011,88.7903
558.0000,0.4645,-0.1014,-0.0734,1.0363,3.5104,7.8948,63.4510,-0.4237,84.8858
559.0000,0.4008,-0.1005,-0.0739,1.0398,3.1391,8.2542,66.2637,-0.3471,80.9789
560.0000,0.3341,-0.0996,-0.0743,1.0430,2.7337,8.5253,68.2769,-0.2716,77.0886
561.0000,0.2652,-0.0986,-0.0746,1.0457,2.2976,8.6822,69.2812,-0.1978,73.2364
562.0000,0.1953,-0.0976,-0.0749,1.0480,1.8368,8.7067,69.1397,-0.1260,69.4451
563.0000,0.1254,-0.0965,-0.0751,1.0498,1.3596,8.5932,67.8232,-0.0567,65.7378
564.0000,0.0567,-0.0955,-0.0752,1.0512,0.8761,8.3501,65.4216,0.0097,62.1362
565.0000,-0.0097,-0.0944,-0.0753,1.0521,0.3969,7.9981,62.1275,0.0728,58.6592
566.0000,-0.0727,-0.0934,-0.0753,1.0525,-0.0677,7.5661,58.1954,0.1326,55.3218
567.0000,-0.1318,-0.0923,-0.0752,1.0524,-0.5091,7.0854,53.8940,0.1888,52.1343
568.0000,-0.1866,-0.0913,-0.0751,1.0519,-0.9211,6.5846,49.4654,0.2415,49.1024
569.0000,-0.2369,-0.0903,-0.0749,1.0510,-1.3001,6.0870,45.1013,0.2906,46.2278
570.0000,-0.2828,-0.0892,-0.0746,1.0497,-1.6447,5.6091,40.9358,0.3362,43.5087
571.0000,-0.3244,-0.0882,-0.0743,1.0480,-1.9551,5.1613,37.0508,0.3787,40.9406
572.0000,-0.3620,-0.0872,-0.0740,1.0461,-2.2332,4.7492,33.4863,0.4180,38.5175
573.0000,-0.3959,-0.0863,-0.0736,1.0438,-2.4814,4.3745,30.2525,0.4544,36.2323
574.0000,-0.4265,-0.0853,-0.0732,1.0414,-2.7023,4.0367,27.3406,0.4882,34.0773
575.0000,-0.4541,-0.0844,-0.0728,1.0386,-2.8989,3.7337,24.7303,0.5194,32.0445
576.0000,-0.4790,-0.0834,-0.0723,1.0357,-3.0739,3.4629,22.3962,0.5483,30.1264
577.0000,-0.5015,-0.0825,-0.0718,1.0327,-3.2297,3.2211,20.3106,0.5750,28.3153
578.0000,-0.5219,-0.0816,-0.0714,1.0294,-3.3688,3.0053,18.4466,0.5998,26.6045
579.0000,-0.5403,-0.0807,-0.0708,1.0261,-3.4930,2.8126,16.7786,0.6227,24.9871
580.0000,-0.5570,-0.0798,-0.0703,1.0226,-3.6043,2.6403,15.2836,0.6440,23.4571
581.0000,-0.5721,-0.0790,-0.0698,1.0190,-3.7041,2.4860,13.9406,0.6636,22.0088
582.0000,-0.5859,-0.0781,-0.0692,1.0153,-3.7938,2.3475,12.7315,0.6818,20.6369
583.0000,-0.5984,-0.0773,-0.0687,1.0115,-3.8745,2.2231,11.6400,0.6986,19.3366
584.0000,-0.6098,-0.0764,-0.0681,1.0076,-3.9473,2.1109,10.6521,0.7142,18.1034
585.0000,-0.6202,-0.0756,-0.0675,1.0037,-4.0131,2.0096,9.7555,0.7286,16.9331
586.0000,-0.6297,-0.0748,-0.0669,0.9996,-4.0725,1.9180,8.9397,0.7419,15.8220
587.0000,-0.6383,-0.0740,-0.0663,0.9956,-4.1264,1.8348,8.1954,0.7542,14.7666
588.0000,-0.6462,-0.0732,-0.0657,0.9914,-4.1752,1.7593,7.5146,0.7656,13.7637
589.0000,-0.6534,-0.0724,-0.0651,0.9873,-4.2194,1.6904,6.8903,0.7760,12.8102
590.0000,-0.6600,-0.0716,-0.0645,0.9831,-4.2595,1.6276,6.3164,0.7857,11.9034
591.0000,-0.6659,-0.0708,-0.0639,0.9788,-4.2960,1.5701,5.7875,0.7945,11.0407
592.0000,-0.6714,-0.0700,-0.0633,0.9745,-4.3290,1.5175,5.2991,0.8027,10.2197
593.0000,-0.6764,-0.0693,-0.0627,0.9702,-4.3590,1.4692,4.8470,0.8101,9.4383
594.0000,-0.6809,-0.0685,-0.0621,0.9658,-4.3862,1.4248,4.4278,0.8169,8.6943
595.0000,-0.6850,-0.0678,-0.0615,0.9614,-4.4109,1.3840,4.0381,0.8232,7.9858
596.0000,-0.6887,-0.0670,-0.0609,0.9570,-4.4331,1.3463,3.6753,0.8288,7.3111
597.0000,-0.6921,-0.0663,-0.0603,0.9526,-4.4533,1.3115,3.3368,0.8339,6.6684
598.0000,-0.6951,-0.0656,-0.0597,0.9481,-4.4715,1.2794,3.0206,0.8386,6.0562
599.0000,-0.6978,-0.0648,-0.0591,0.9437,-4.4878,1.2497,2.7246,0.8427,5.4729
600.0000,-0.7003,-0.0641,-0.0585,0.9392,-4.5024,1.2221,2.4471,0.8465,4.9173
601.0000,-0.7024,-0.0634,-0.0579,0.9347,-4.5155,1.1966,2.1866,0.8498,4.3880
602.0000,-0.7044,-0.0627,-0.0573,0.9301,-4.5272,1.1729,1.9416,0.8527,3.8837
603.0000,-0.7061,-0.0620,-0.0567,0.9256,-4.5375,1.1509,1.7111,0.8553,3.4033
604.0000,-0.7075,-0.0613,-0.0561,0.9211,-4.5465,1.1305,1.4938,0.8575,2.9458
605.0000,-0.7088,-0.0606,-0.0555,0.9165,-4.5544,1.1115,1.2887,0.8593,2.5100
606.0000,-0.7099,-0.0599,-0.0549,0.9120,-4.5612,1.0938,1.0950,0.8609,2.0950
607.0000,-0.7108,-0.0592,-0.0543,0.9074,-4.5669,1.0773,0.9118,0.8622,1.6999
608.0000,-0.7115,-0.0585,-0.0537,0.9029,-4.5717,1.0620,0.7385,0.8632,1.3238
609.0000,-0.7121,-0.0578,-0.0531,0.8983,-4.5757,1.0477,0.5742,0.8640,0.9658
610.0000,-0.7126,-0.0571,-0.0525,0.8937,-4.5788,1.0344,0.4185,0.8645,0.6252
611.0000,-0.7129,-0.0564,-0.0519,0.8891,-4.5811,1.0220,0.2707,0.8648,0.3012
612.0000,-0.7130,-0.0558,-0.0513,0.8845,-4.5827,1.0105,0.1304,0.8649,-0.0069
613.0000,-0.7131,-0.0551,-0.0508,0.8800,-4.5836,1.0002,0.0030,0.8648,-0.2998
614.0000,-0.7130,-0.0544,-0.0502,0.8754,-4.5838,1.0102,0.1297,0.8645,-0.5781
615.0000,-0.7128,-0.0538,-0.0496,0.8708,-4.5834,1.0196,0.2503,0.8640,-0.8425
616.0000,-0.7126,-0.0531,-0.0490,0.8662,-4.5825,1.0282,0.3650,0.8633,-1.0936
617.0000,-0.7122,-0.0525,-0.0485,0.8616,-4.5810,1.0363,0.4743,0.8625,-1.3319
618.0000,-0.7117,-0.0518,-0.0479,0.8571,-4.5791,1.0438,0.5783,0.8616,-1.5579
619.0000,-0.7112,-0.0512,-0.0474,0.8525,-4.5766,1.0507,0.6774,0.8605,-1.7722
620.0000,-0.7105,-0.0505,-0.0468,0.8479,-4.5737,1.0572,0.7719,0.8592,-1.9753
621.0000,-0.7098,-0.0499,-0.0463,0.8433,-4.5704,1.0632,0.8619,0.8579,-2.1676
622.0000,-0.7091,-0.0492,-0.0457,0.8388,-4.5666,1.0687,0.9477,0.8564,-2.3496
623.0000,-0.7082,-0.0486,-0.0452,0.8342,-4.5625,1.0738,1.0295,0.8549,-2.5218
624.0000,-0.7073,-0.0480,-0.0446,0.8296,-4.5580,1.0786,1.1075,0.8532,-2.6845
625.0000,-0.7064,-0.0473,-0.0441,0.8251,-4.5533,1.0829,1.1818,0.8515,-2.8381
626.0000,-0.7053,-0.0467,-0.0435,0.8205,-4.5481,1.0869,1.2527,0.8496,-2.9831
627.0000,-0.7043,-0.0461,-0.0430,0.8160,-4.5427,1.0906,1.3203,0.8477,-3.1197
628.0000,-0.7032,-0.0455,-0.0425,0.8114,-4.5370,1.0940,1.3846,0.8457,-3.2484
629.0000,-0.7020,-0.0448,-0.0420,0.8069,-4.5311,1.0970,1.4460,0.8437,-3.3695
630.0000,-0.7008,-0.0442,-0.0414,0.8024,-4.5249,1.0998,1.5045,0.8416,-3.4833
631.0000,-0.6996,-0.0436,-0.0409,0.7978,-4.5185,1.1024,1.5602,0.8394,-3.5901
632.0000,-0.6983,-0.0430,-0.0404,0.7933,-4.5119,1.1047,1.6132,0.8372,-3.6902
633.0000,-0.6970,-0.0424,-0.0399,0.7888,-4.5050,1.1067,1.6636,0.8349,-3.7839
634.0000,-0.6957,-0.0418,-0.0394,0.7843,-4.4980,1.1086,1.7116,0.8326,-3.8715
635.0000,-0.6943,-0.0412,-0.0389,0.7798,-4.4908,1.1102,1.7572,0.8302,-3.9532
636.0000,-0.6929,-0.0406,-0.0384,0.7753,-4.4834,1.1116,1.8006,0.8278,-4.0293
637.0000,-0.6915,-0.0400,-0.0379,0.7708,-4.4759,1.1129,1.8417,0.8254,-4.1001
638.0000,-0.6900,-0.0394,-0.0374,0.7663,-4.4682,1.1139,1.8808,0.8229,-4.1657
639.0000,-0.6886,-0.0388,-0.0369,0.7619,-4.4604,1.1148,1.9179,0.8204,-4.2265
640.0000,-0.6871,-0.0382,-0.0364,0.7574,-4.4525,1.1156,1.9530,0.8179,-4.2826
641.0000,-0.6856,-0.0376,-0.0359,0.7530,-4.4445,1.1161,1.9862,0.8154,-4.3342
642.0000,-0.6841,-0.0371,-0.0355,0.7485,-4.4364,1.1166,2.0176,0.8129,-4.3815
643.0000,-0.6825,-0.0365,-0.0350,0.7441,-4.4281,1.1169,2.0473,0.8103,-4.4248
644.0000,-0.6810,-0.0359,-0.0345,0.7397,-4.4198,1.1171,2.0753,0.8077,-4.4642
645.0000,-0.6794,-0.0353,-0.0341,0.7352,-4.4114,1.1172,2.1017,0.8052,-4.4999
646.0000,-0.6779,-0.0347,-0.0336,0.7308,-4.4030,1.1172,2.1265,0.8026,-4.5321
647.0000,-0.6763,-0.0342,-0.0331,0.7264,-4.3945,1.1170,2.1498,0.8000,-4.5609
648.0000,-0.6747,-0.0336,-0.0327,0.7220,-4.3859,1.1168,2.1717,0.7974,-4.5865
649.0000,-0.6731,-0.0330,-0.0322,0.7176,-4.3773,1.1165,2.1922,0.7948,-4.6090
650.0000,-0.6716,-0.0325,-0.0318,0.7133,-4.3686,1.1161,2.2113,0.7922,-4.6287
651.0000,-0.6700,-0.0319,-0.0313,0.7089,-4.3599,1.1156,2.2292,0.7896,-4.6456
652.0000,-0.6684,-0.0314,-0.0309,0.7045,-4.3512,1.1150,2.2458,0.7870,-4.6598
653.0000,-0.6668,-0.0308,-0.0305,0.7002,-4.3424,1.1144,2.2612,0.7844,-4.6716
654.0000,-0.6652,-0.0303,-0.0300,0.6958,-4.3336,1.1137,2.2754,0.7819,-4.6810
655.0000,-0.6636,-0.0297,-0.0296,0.6915,-4.3248,1.1130,2.2886,0.7793,-4.6881
656.0000,-0.6620,-0.0292,-0.0292,0.6872,-4.3160,1.1121,2.3006,0.7767,-4.6931
657.0000,-0.6604,-0.0286,-0.0288,0.6829,-4.3072,1.1113,2.3117,0.7742,-4.6961
658.0000,-0.6588,-0.0281,-0.0283,0.6786,-4.2984,1.1104,2.3217,0.7717,-4.6972
659.0000,-0.6572,-0.0276,-0.0279,0.6743,-4.2896,1.1094,2.3308,0.7691,-4.6965
660.0000,-0.6556,-0.0270,-0.0275,0.6700,-4.2808,1.1084,2.3390,0.7666,-4.6941
661.0000,-0.6541,-0.0265,-0.0271,0.6657,-4.2720,1.1074,2.3463,0.7641,-4.6900
662.0000,-0.6525,-0.0260,-0.0267,0.6614,-4.2633,1.1063,2.3527,0.7617,-4.6845
663.0000,-0.6509,-0.0254,-0.0263,0.6572,-4.2545,1.1052,2.3584,0.7592,-4.6775
664.0000,-0.6494,-0.0249,-0.0259,0.6529,-4.2458,1.1040,2.3633,0.7568,-4.6691
665.0000,-0.6478,-0.0244,-0.0255,0.6487,-4.2371,1.1029,2.3674,0.7543,-4.6595
666.0000,-0.6463,-0.0239,-0.0251,0.6444,-4.2285,1.1017,2.3708,0.7519,-4.6487
667.0000,-0.6447,-0.0234,-0.0247,0.6402,-4.2198,1.1005,2.3735,0.7495,-4.6368
668.0000,-0.6432,-0.0229,-0.0243,0.6360,-4.2112,1.0992,2.3756,0.7472,-4.6238
669.0000,-0.6417,-0.0223,-0.0240,0.6318,-4.2027,1.0980,2.3770,0.7448,-4.6099
670.0000,-0.6402,-0.0218,-0.0236,0.6276,-4.1942,1.0967,2.3779,0.7425,-4.5950
671.0000,-0.6387,-0.0213,-0.0232,0.6234,-4.1857,1.0955,2.3782,0.7402,-4.5793
672.0000,-0.6372,-0.0208,-0.0228,0.6192,-4.1772,1.0942,2.3779,0.7379,-4.5628
673.0000,-0.6357,-0.0203,-0.0225,0.6150,-4.1689,1.0929,2.3771,0.7356,-4.5456
674.0000,-0.6342,-0.0198,-0.0221,0.6108,-4.1605,1.0916,2.3758,0.7334,-4.5277
675.0000,-0.6328,-0.0194,-0.0217,0.6067,-4.1522,1.0903,2.3741,0.7312,-4.5092
676.0000,-0.6313,-0.0189,-0.0214,0.6025,-4.1440,1.0890,2.3719,0.7290,-4.4901
677.0000,-0.6299,-0.0184,-0.0210,0.5984,-4.1358,1.0877,2.3693,0.7268,-4.4704
678.0000,-0.6285,-0.0179,-0.0207,0.5942,-4.1277,1.0864,2.3663,0.7246,-4.4503
679.0000,-0.6271,-0.0174,-0.0203,0.5901,-4.1196,1.0851,2.3629,0.7225,-4.4297
680.0000,-0.6257,-0.0169,-0.0200,0.5860,-4.1116,1.0837,2.3591,0.7204,-4.4088
681.0000,-0.6243,-0.0165,-0.0196,0.5819,-4.1037,1.0824,2.3550,0.7183,-4.3875
682.0000,-0.6229,-0.0160,-0.0193,0.5778,-4.0958,1.0811,2.3506,0.7162,-4.3658
683.0000,-0.6215,-0.0155,-0.0190,0.5737,-4.0880,1.0798,2.3459,0.7142,-4.3439
684.0000,-0.6202,-0.0151,-0.0186,0.5696,-4.0802,1.0785,2.3409,0.7122,-4.3217
685.0000,-0.6189,-0.0146,-0.0183,0.5655,-4.0725,1.0772,2.3356,0.7102,-4.2993
686.0000,-0.6175,-0.0141,-0.0180,0.5614,-4.0649,1.0760,2.3301,0.7082,-4.2768
687.0000,-0.6162,-0.0137,-0.0176,0.5574,-4.0573,1.0747,2.3243,0.7063,-4.2540
688.0000,-0.6149,-0.0132,-0.0173,0.5533,-4.0498,1.0734,2.3184,0.7043,-4.2312
689.0000,-0.6136,-0.0128,-0.0170,0.5493,-4.0423,1.0722,2.3122,0.7024,-4.2082
690.0000,-0.6124,-0.0123,-0.0167,0.5452,-4.0350,1.0709,2.3059,0.7005,-4.1852
691.0000,-0.6111,-0.0119,-0.0164,0.5412,-4.0277,1.0697,2.2993,0.6987,-4.1621
692.0000,-0.6098,-0.0114,-0.0161,0.5372,-4.0204,1.0684,2.2926,0.6968,-4.1389
693.0000,-0.6086,-0.0110,-0.0157,0.5331,-4.0132,1.0672,2.2858,0.6950,-4.1158
694.0000,-0.6074,-0.0105,-0.0154,0.5291,-4.0061,1.0660,2.2789,0.6932,-4.0927
695.0000,-0.6062,-0.0101,-0.0151,0.5251,-3.9991,1.0648,2.2718,0.6915,-4.0696
696.0000,-0.6050,-0.0097,-0.0148,0.5211,-3.9921,1.0637,2.2646,0.6897,-4.0465
697.0000,-0.6038,-0.0093,-0.0145,0.5171,-3.9852,1.0625,2.2573,0.6880,-4.0236
698.0000,-0.6026,-0.0088,-0.0142,0.5131,-3.9784,1.0613,2.2499,0.6863,-4.0007
699.0000,-0.6015,-0.0084,-0.0140,0.5092,-3.9716,1.0602,2.2425,0.6846,-3.9779
700.0000,-0.6003,-0.0080,-0.0137,0.5052,-3.9649,1.0591,2.2349,0.6829,-3.9552
701.0000,-0.5992,-0.0076,-0.0134,0.5012,-3.9583,1.0579,2.2274,0.6813,-3.9326
702.0000,-0.5981,-0.0072,-0.0131,0.4973,-3.9517,1.0568,2.2198,0.6797,-3.9102
703.0000,-0.5969,-0.0067,-0.0128,0.4933,-3.9453,1.0558,2.2121,0.6781,-3.8879
704.0000,-0.5958,-0.0063,-0.0125,0.4894,-3.9388,1.0547,2.2044,0.6765,-3.8658
705.0000,-0.5948,-0.0059,-0.0123,0.4854,-3.9325,1.0536,2.1967,0.6749,-3.8438
706.0000,-0.5937,-0.0055,-0.0120,0.4815,-3.9262,1.0526,2.1890,0.6734,-3.8220
707.0000,-0.5926,-0.0051,-0.0117,0.4776,-3.9200,1.0516,2.1812,0.6719,-3.8005
708.0000,-0.5916,-0.0047,-0.0115,0.4737,-3.9138,1.0505,2.1735,0.6704,-3.7791
709.0000,-0.5906,-0.0043,-0.0112,0.4697,-3.9077,1.0495,2.1658,0.6689,-3.7579
710.0000,-0.5895,-0.0039,-0.0109,0.4658,-3.9017,1.0485,2.1581,0.6674,-3.7369
711.0000,-0.5885,-0.0036,-0.0107,0.4619,-3.8958,1.0476,2.1504,0.6660,-3.7162
712.0000,-0.5875,-0.0032,-0.0104,0.4580,-3.8899,1.0466,2.1427,0.6646,-3.6956
713.0000,-0.5865,-0.0028,-0.0102,0.4541,-3.8841,1.0457,2.1351,0.6631,-3.6753
714.0000,-0.5856,-0.0024,-0.0099,0.4503,-3.8783,1.0447,2.1274,0.6618,-3.6552
715.0000,-0.5846,-0.0020,-0.0097,0.4464,-3.8726,1.0438,2.1199,0.6604,-3.6354
716.0000,-0.5836,-0.0017,-0.0094,0.4425,-3.8670,1.0429,2.1124,0.6590,-3.6158
717.0000,-0.5827,-0.0013,-0.0092,0.4386,-3.8614,1.0420,2.1049,0.6577,-3.5965
718.0000,-0.5818,-0.0009,-0.0089,0.4348,-3.8559,1.0411,2.0975,0.6564,-3.5774
719.0000,-0.5809,-0.0006,-0.0087,0.4309,-3.8505,1.0403,2.0901,0.6551,-3.5585
720.0000,-0.5800,-0.0002,-0.0085,0.4271,-3.8451,1.0394,2.0828,0.6538,-3.5399
721.0000,-0.5791,0.0001,-0.0082,0.4232,-3.8398,1.0386,2.0755,0.6526,-3.5216
722.0000,-0.5782,0.0005,-0.0080,0.4194,-3.8346,1.0378,2.0684,0.6513,-3.5035
723.0000,-0.5773,0.0009,-0.0078,0.4156,-3.8294,1.0370,2.0613,0.6501,-3.4856
724.0000,-0.5764,0.0012,-0.0075,0.4117,-3.8243,1.0362,2.0542,0.6489,-3.4681
725.0000,-0.5756,0.0015,-0.0073,0.4079,-3.8192,1.0354,2.0473,0.6477,-3.4508
726.0000,-0.5748,0.0019,-0.0071,0.4041,-3.8142,1.0346,2.0404,0.6465,-3.4337
727.0000,-0.5739,0.0022,-0.0069,0.4003,-3.8093,1.0338,2.0336,0.6454,-3.4169
728.0000,-0.5731,0.0026,-0.0067,0.3965,-3.8044,1.0331,2.0268,0.6442,-3.4004
729.0000,-0.5723,0.0029,-0.0064,0.3927,-3.7996,1.0324,2.0202,0.6431,-3.3841
730.0000,-0.5715,0.0032,-0.0062,0.3889,-3.7948,1.0316,2.0136,0.6420,-3.3681
731.0000,-0.5707,0.0036,-0.0060,0.3851,-3.7901,1.0309,2.0072,0.6409,-3.3524
732.0000,-0.5699,0.0039,-0.0058,0.3813,-3.7855,1.0302,2.0008,0.6398,-3.3369
733.0000,-0.5692,0.0042,-0.0056,0.3775,-3.7809,1.0296,1.9945,0.6387,-3.3217
734.0000,-0.5684,0.0045,-0.0054,0.3737,-3.7763,1.0289,1.9883,0.6377,-3.3067
735.0000,-0.5677,0.0048,-0.0052,0.3699,-3.7719,1.0282,1.9821,0.6366,-3.2920
736.0000,-0.5669,0.0051,-0.0050,0.3662,-3.7674,1.0276,1.9761,0.6356,-3.2776
737.0000,-0.5662,0.0055,-0.0048,0.3624,-3.7631,1.0269,1.9702,0.6346,-3.2633
738.0000,-0.5655,0.0058,-0.0046,0.3586,-3.7588,1.0263,1.9643,0.6336,-3.2494
739.0000,-0.5648,0.0061,-0.0044,0.3549,-3.7545,1.0257,1.9586,0.6326,-3.2357
740.0000,-0.5641,0.0064,-0.0042,0.3511,-3.7503,1.0251,1.9529,0.6317,-3.2222
741.0000,-0.5634,0.0067,-0.0040,0.3474,-3.7462,1.0245,1.9473,0.6307,-3.2090
742.0000,-0.5627,0.0070,-0.0039,0.3436,-3.7421,1.0239,1.9418,0.6298,-3.1961
743.0000,-0.5620,0.0072,-0.0037,0.3399,-3.7380,1.0233,1.9365,0.6288,-3.1833
744.0000,-0.5614,0.0075,-0.0035,0.3361,-3.7341,1.0227,1.9312,0.6279,-3.1709
745.0000,-0.5607,0.0078,-0.0033,0.3324,-3.7301,1.0222,1.9260,0.6270,-3.1586
746.0000,-0.5601,0.0081,-0.0031,0.3287,-3.7262,1.0216,1.9209,0.6261,-3.1466
747.0000,-0.5594,0.0084,-0.0030,0.3249,-3.7224,1.0211,1.9159,0.6253,-3.1348
748.0000,-0.5588,0.0086,-0.0028,0.3212,-3.7186,1.0206,1.9109,0.6244,-3.1233
749.0000,-0.5582,0.0089,-0.0026,0.3175,-3.7149,1.0200,1.9061,0.6235,-3.1120
750.0000,-0.5576,0.0092,-0.0024,0.3138,-3.7112,1.0195,1.9014,0.6227,-3.1009
751.0000,-0.5570,0.0095,-0.0023,0.3101,-3.7076,1.0190,1.8967,0.6219,-3.0900
752.0000,-0.5564,0.0097,-0.0021,0.3064,-3.7040,1.0185,1.8922,0.6211,-3.0793
753.0000,-0.5558,0.0100,-0.0020,0.3027,-3.7005,1.0181,1.8877,0.6203,-3.0689
754.0000,-0.5552,0.0102,-0.0018,0.2990,-3.6970,1.0176,1.8833,0.6195,-3.0587
755.0000,-0.5546,0.0105,-0.0016,0.2953,-3.6935,1.0171,1.8790,0.6187,-3.0487
756.0000,-0.5541,0.0107,-0.0015,0.2916,-3.6902,1.0167,1.8748,0.6180,-3.0389
757.0000,-0.5535,0.0110,-0.0013,0.2879,-3.6868,1.0162,1.8707,0.6172,-3.0293
758.0000,-0.5530,0.0112,-0.0012,0.2842,-3.6835,1.0158,1.8667,0.6165,-3.0199
759.0000,-0.5524,0.0115,-0.0010,0.2805,-3.6803,1.0153,1.8628,0.6157,-3.0107
760.0000,-0.5519,0.0117,-0.0009,0.2768,-3.6771,1.0149,1.8589,0.6150,-3.0017
761.0000,-0.5514,0.0120,-0.0007,0.2732,-3.6739,1.0145,1.8551,0.6143,-2.9929
762.0000,-0.5509,0.0122,-0.0006,0.2695,-3.6708,1.0141,1.8514,0.6136,-2.9843
763.0000,-0.5504,0.0124,-0.0005,0.2658,-3.6678,1.0137,1.8478,0.6129,-2.9758
764.0000,-0.5499,0.0126,-0.0003,0.2621,-3.6648,1.0133,1.8443,0.6123,-2.9676
765.0000,-0.5494,0.0129,-0.0002,0.2585,-3.6618,1.0129,1.8408,0.6116,-2.9595
766.0000,-0.5489,0.0131,-0.0000,0.2548,-3.6589,1.0125,1.8375,0.6109,-2.9517
767.0000,-0.5484,0.0133,0.0001,0.2512,-3.6560,1.0121,1.8342,0.6103,-2.9440
768.0000,-0.5480,0.0135,0.0002,0.2475,-3.6532,1.0118,1.8310,0.6097,-2.9365
769.0000,-0.5475,0.0137,0.0004,0.2439,-3.6504,1.0114,1.8278,0.6091,-2.9291
770.0000,-0.5471,0.0139,0.0005,0.2402,-3.6476,1.0111,1.8248,0.6084,-2.9219
771.0000,-0.5466,0.0141,0.0006,0.2366,-3.6449,1.0107,1.8218,0.6078,-2.9149
772.0000,-0.5462,0.0143,0.0007,0.2329,-3.6423,1.0104,1.8188,0.6073,-2.9081
773.0000,-0.5457,0.0145,0.0008,0.2293,-3.6396,1.0100,1.8160,0.6067,-2.9014
774.0000,-0.5453,0.0147,0.0010,0.2256,-3.6371,1.0097,1.8132,0.6061,-2.8949
775.0000,-0.5449,0.0149,0.0011,0.2220,-3.6345,1.0094,1.8105,0.6056,-2.8885
776.0000,-0.5445,0.0151,0.0012,0.2184,-3.6321,1.0091,1.8079,0.6050,-2.8823
777.0000,-0.5441,0.0153,0.0013,0.2147,-3.6296,1.0088,1.8053,0.6045,-2.8763
778.0000,-0.5437,0.0155,0.0014,0.2111,-3.6272,1.0085,1.8028,0.6039,-2.8704
779.0000,-0.5433,0.0157,0.0015,0.2075,-3.6248,1.0082,1.8003,0.6034,-2.8646
780.0000,-0.5429,0.0159,0.0016,0.2038,-3.6225,1.0079,1.7980,0.6029,-2.8590
781.0000,-0.5426,0.0160,0.0017,0.2002,-3.6203,1.0076,1.7957,0.6024,-2.8535
782.0000,-0.5422,0.0162,0.0018,0.1966,-3.6180,1.0073,1.7934,0.6019,-2.8482
783.0000,-0.5418,0.0164,0.0020,0.1930,-3.6158,1.0071,1.7912,0.6015,-2.8430
784.0000,-0.5415,0.0165,0.0020,0.1894,-3.6137,1.0068,1.7891,0.6010,-2.8379
785.0000,-0.5411,0.0167,0.0021,0.1858,-3.6116,1.0065,1.7870,0.6005,-2.8330
786.0000,-0.5408,0.0169,0.0022,0.1821,-3.6095,1.0063,1.7850,0.6001,-2.8282
787.0000,-0.5405,0.0170,0.0023,0.1785,-3.6075,1.0060,1.7830,0.5996,-2.8235
788.0000,-0.5401,0.0172,0.0024,0.1749,-3.6055,1.0058,1.7811,0.5992,-2.8190
789.0000,-0.5398,0.0173,0.0025,0.1713,-3.6035,1.0055,1.7793,0.5988,-2.8146
790.0000,-0.5395,0.0175,0.0026,0.1677,-3.6016,1.0053,1.7775,0.5984,-2.8103
791.0000,-0.5392,0.0176,0.0027,0.1641,-3.5997,1.0051,1.7757,0.5980,-2.8061
792.0000,-0.5389,0.0177,0.0028,0.1605,-3.5979,1.0049,1.7740,0.5976,-2.8020
793.0000,-0.5386,0.0179,0.0029,0.1569,-3.5961,1.0047,1.7724,0.5972,-2.7981
794.0000,-0.5383,0.0180,0.0029,0.1533,-3.5944,1.0044,1.7708,0.5968,-2.7943
795.0000,-0.5381,0.0181,0.0030,0.1497,-3.5927,1.0042,1.7693,0.5964,-2.7906
796.0000,-0.5378,0.0183,0.0031,0.1461,-3.5910,1.0040,1.7678,0.5961,-2.7870
797.0000,-0.5375,0.0184,0.0032,0.1425,-3.5894,1.0038,1.7663,0.5957,-2.7835
798.0000,-0.5373,0.0185,0.0032,0.1390,-3.5878,1.0037,1.7649,0.5954,-2.7801
799.0000,-0.5370,0.0186,0.0033,0.1354,-3.5862,1.0035,1.7636,0.5951,-2.7768
800.0000,-0.5368,0.0188,0.0034,0.1318,-3.5847,1.0033,1.7623,0.5947,-2.7736
801.0000,-0.5365,0.0189,0.0035,0.1282,-3.5832,1.0031,1.7610,0.5944,-2.7706
802.0000,-0.5363,0.0190,0.0035,0.1246,-3.5818,1.0029,1.7598,0.5941,-2.7676
803.0000,-0.5361,0.0191,0.0036,0.1210,-3.5804,1.0028,1.7586,0.5938,-2.7647
804.0000,-0.5359,0.0192,0.0036,0.1174,-3.5791,1.0026,1.7575,0.5935,-2.7619
805.0000,-0.5357,0.0193,0.0037,0.1139,-3.5777,1.0025,1.7564,0.5933,-2.7593
806.0000,-0.5354,0.0194,0.0038,0.1103,-3.5765,1.0023,1.7553,0.5930,-2.7567
807.0000,-0.5352,0.0195,0.0038,0.1067,-3.5752,1.0022,1.7543,0.5927,-2.7542
808.0000,-0.5351,0.0196,0.0039,0.1031,-3.5740,1.0020,1.7533,0.5925,-2.7518
809.0000,-0.5349,0.0197,0.0039,0.0996,-3.5728,1.0019,1.7524,0.5922,-2.7495
810.0000,-0.5347,0.0198,0.0040,0.0960,-3.5717,1.0018,1.7515,0.5920,-2.7473
811.0000,-0.5345,0.0198,0.0040,0.0924,-3.5706,1.0016,1.7506,0.5918,-2.7452
812.0000,-0.5343,0.0199,0.0041,0.0888,-3.5696,1.0015,1.7498,0.5915,-2.7432
813.0000,-0.5342,0.0200,0.0041,0.0853,-3.5686,1.0014,1.7490,0.5913,-2.7412
814.0000,-0.5340,0.0201,0.0042,0.0817,-3.5676,1.0013,1.7482,0.5911,-2.7394
815.0000,-0.5339,0.0201,0.0042,0.0781,-3.5667,1.0012,1.7475,0.5909,-2.7376
816.0000,-0.5337,0.0202,0.0042,0.0746,-3.5658,1.0011,1.7468,0.5908,-2.7359
817.0000,-0.5336,0.0203,0.0043,0.0710,-3.5649,1.0010,1.7462,0.5906,-2.7343
818.0000,-0.5335,0.0203,0.0043,0.0674,-3.5641,1.0009,1.7455,0.5904,-2.7328
819.0000,-0.5333,0.0204,0.0043,0.0639,-3.5633,1.0008,1.7449,0.5903,-2.7313
820.0000,-0.5332,0.0204,0.0044,0.0603,-3.5625,1.0007,1.7444,0.5901,-2.7300
821.0000,-0.5331,0.0205,0.0044,0.0568,-3.5618,1.0006,1.7439,0.5900,-2.7287
822.0000,-0.5330,0.0205,0.0044,0.0532,-3.5612,1.0006,1.7434,0.5898,-2.7275
823.0000,-0.5329,0.0206,0.0045,0.0496,-3.5605,1.0005,1.7429,0.5897,-2.7263
824.0000,-0.5328,0.0206,0.0045,0.0461,-3.5599,1.0004,1.7425,0.5896,-2.7253
825.0000,-0.5327,0.0207,0.0045,0.0425,-3.5594,1.0004,1.7421,0.5895,-2.7243
826.0000,-0.5327,0.0207,0.0045,0.0390,-3.5588,1.0003,1.7417,0.5894,-2.7234
827.0000,-0.5326,0.0207,0.0046,0.0354,-3.5584,1.0003,1.7413,0.5893,-2.7226
828.0000,-0.5325,0.0208,0.0046,0.0318,-3.5579,1.0002,1.7410,0.5892,-2.7219
829.0000,-0.5324,0.0208,0.0046,0.0283,-3.5575,1.0002,1.7407,0.5891,-2.7212
830.0000,-0.5324,0.0208,0.0046,0.0247,-3.5571,1.0001,1.7405,0.5891,-2.7206
831.0000,-0.5323,0.0208,0.0046,0.0212,-3.5568,1.0001,1.7403,0.5890,-2.7201
832.0000,-0.5323,0.0209,0.0046,0.0176,-3.5565,1.0001,1.7401,0.5890,-2.7197
833.0000,-0.5323,0.0209,0.0046,0.0141,-3.5562,1.0001,1.7399,0.5889,-2.7193
834.0000,-0.5322,0.0209,0.0046,0.0105,-3.5560,1.0000,1.7398,0.5889,-2.7190
835.0000,-0.5322,0.0209,0.0047,0.0069,-3.5558,1.0000,1.7397,0.5889,-2.7188
836.0000,-0.5322,0.0209,0.0047,0.0034,-3.5557,1.0000,1.7396,0.5888,-2.7187
837.0000,-0.5322,0.0209,0.0047,-0.0002,-3.5556,1.0000,1.7395,0.5888,-2.7186
838.0000,-0.5322,0.0209,0.0047,-0.0037,-3.5555,1.0000,1.7395,0.5888,-2.7186
839.0000,-0.5322,0.0209,0.0047,-0.0073,-3.5555,1.0000,1.7395,0.5888,-2.7187
840.0000,-0.5322,0.0209,0.0046,-0.0108,-3.5555,1.0000,1.7395,0.5889,-2.7188
841.0000,-0.5322,0.0209,0.0046,-0.0144,-3.5555,1.0000,1.7396,0.5889,-2.7190
842.0000,-0.5322,0.0209,0.0046,-0.0180,-3.5556,1.0000,1.7397,0.5889,-2.7193
843.0000,-0.5322,0.0209,0.0046,-0.0215,-3.5557,1.0001,1.7398,0.5890,-2.7197
844.0000,-0.5323,0.0208,0.0046,-0.0251,-3.5559,1.0001,1.7399,0.5890,-2.7202
845.0000,-0.5323,0.0208,0.0046,-0.0286,-3.5560,1.0001,1.7401,0.5891,-2.7207
846.0000,-0.5323,0.0208,0.0046,-0.0322,-3.5563,1.0001,1.7403,0.5891,-2.7213
847.0000,-0.5324,0.0208,0.0046,-0.0357,-3.5565,1.0002,1.7405,0.5892,-2.7219
848.0000,-0.5325,0.0207,0.0046,-0.0393,-3.5568,1.0002,1.7408,0.5893,-2.7227
849.0000,-0.5325,0.0207,0.0045,-0.0428,-3.5572,1.0003,1.7411,0.5894,-2.7235
850.0000,-0.5326,0.0207,0.0045,-0.0464,-3.5575,1.0003,1.7414,0.5895,-2.7244
851.0000,-0.5327,0.0206,0.0045,-0.0500,-3.5580,1.0004,1.7417,0.5896,-2.7254
852.0000,-0.5327,0.0206,0.0045,-0.0535,-3.5584,1.0004,1.7421,0.5897,-2.7264
853.0000,-0.5328,0.0205,0.0044,-0.0571,-3.5589,1.0005,1.7425,0.5898,-2.7276
854.0000,-0.5329,0.0205,0.0044,-0.0606,-3.5594,1.0006,1.7429,0.5900,-2.7288
855.0000,-0.5330,0.0204,0.0044,-0.0642,-3.5600,1.0007,1.7434,0.5901,-2.7301
856.0000,-0.5331,0.0204,0.0043,-0.0678,-3.5606,1.0007,1.7439,0.5903,-2.7314
857.0000,-0.5332,0.0203,0.0043,-0.0713,-3.5612,1.0008,1.7444,0.5904,-2.7329
858.0000,-0.5334,0.0203,0.0043,-0.0749,-3.5619,1.0009,1.7450,0.5906,-2.7344
859.0000,-0.5335,0.0202,0.0042,-0.0784,-3.5626,1.0010,1.7456,0.5908,-2.7360
860.0000,-0.5336,0.0201,0.0042,-0.0820,-3.5634,1.0011,1.7462,0.5910,-2.7377
861.0000,-0.5337,0.0201,0.0042,-0.0856,-3.5641,1.0012,1.7469,0.5912,-2.7395
862.0000,-0.5339,0.0200,0.0041,-0.0891,-3.5650,1.0013,1.7476,0.5914,-2.7414
863.0000,-0.5340,0.0199,0.0041,-0.0927,-3.5658,1.0014,1.7483,0.5916,-2.7433
864.0000,-0.5342,0.0198,0.0040,-0.0963,-3.5667,1.0015,1.7491,0.5918,-2.7454
865.0000,-0.5344,0.0197,0.0040,-0.0998,-3.5677,1.0017,1.7498,0.5920,-2.7475
866.0000,-0.5345,0.0197,0.0039,-0.1034,-3.5687,1.0018,1.7507,0.5922,-2.7497
867.0000,-0.5347,0.0196,0.0039,-0.1070,-3.5697,1.0019,1.7516,0.5925,-2.7520
868.0000,-0.5349,0.0195,0.0038,-0.1105,-3.5707,1.0020,1.7525,0.5927,-2.7544
869.0000,-0.5351,0.0194,0.0038,-0.1141,-3.5718,1.0022,1.7534,0.5930,-2.7569
870.0000,-0.5353,0.0193,0.0037,-0.1177,-3.5729,1.0023,1.7544,0.5933,-2.7595
871.0000,-0.5355,0.0192,0.0036,-0.1212,-3.5741,1.0025,1.7554,0.5936,-2.7622
872.0000,-0.5357,0.0191,0.0036,-0.1248,-3.5753,1.0026,1.7565,0.5938,-2.7650
873.0000,-0.5359,0.0190,0.0035,-0.1284,-3.5766,1.0028,1.7576,0.5941,-2.7678
874.0000,-0.5361,0.0189,0.0034,-0.1320,-3.5779,1.0030,1.7587,0.5944,-2.7708
875.0000,-0.5363,0.0187,0.0034,-0.1355,-3.5792,1.0031,1.7599,0.5948,-2.7739
876.0000,-0.5366,0.0186,0.0033,-0.1391,-3.5805,1.0033,1.7611,0.5951,-2.7771
877.0000,-0.5368,0.0185,0.0032,-0.1427,-3.5819,1.0035,1.7624,0.5954,-2.7804
878.0000,-0.5370,0.0184,0.0032,-0.1463,-3.5834,1.0037,1.7637,0.5958,-2.7838
879.0000,-0.5373,0.0183,0.0031,-0.1499,-3.5848,1.0039,1.7650,0.5961,-2.7873
880.0000,-0.5376,0.0181,0.0030,-0.1535,-3.5864,1.0040,1.7665,0.5965,-2.7909
881.0000,-0.5378,0.0180,0.0029,-0.1570,-3.5879,1.0042,1.7679,0.5968,-2.7946
882.0000,-0.5381,0.0179,0.0029,-0.1606,-3.5895,1.0044,1.7694,0.5972,-2.7984
883.0000,-0.5384,0.0177,0.0028,-0.1642,-3.5911,1.0047,1.7709,0.5976,-2.8024
884.0000,-0.5387,0.0176,0.0027,-0.1678,-3.5928,1.0049,1.7725,0.5980,-2.8064
885.0000,-0.5389,0.0174,0.0026,-0.1714,-3.5945,1.0051,1.7742,0.5984,-2.8106
886.0000,-0.5392,0.0173,0.0025,-0.1750,-3.5963,1.0053,1.7759,0.5988,-2.8149
887.0000,-0.5395,0.0171,0.0024,-0.1786,-3.5981,1.0055,1.7776,0.5992,-2.8193
888.0000,-0.5399,0.0170,0.0023,-0.1822,-3.5999,1.0058,1.7794,0.5997,-2.8239
889.0000,-0.5402,0.0168,0.0022,-0.1858,-3.6018,1.0060,1.7813,0.6001,-2.8286
890.0000,-0.5405,0.0167,0.0021,-0.1894,-3.6037,1.0063,1.7832,0.6006,-2.8334
891.0000,-0.5408,0.0165,0.0020,-0.1930,-3.6056,1.0065,1.7851,0.6010,-2.8383
892.0000,-0.5412,0.0164,0.0019,-0.1966,-3.6076,1.0068,1.7872,0.6015,-2.8434
893.0000,-0.5415,0.0162,0.0018,-0.2002,-3.6097,1.0071,1.7892,0.6020,-2.8486
894.0000,-0.5419,0.0160,0.0017,-0.2038,-3.6117,1.0073,1.7914,0.6025,-2.8539
895.0000,-0.5422,0.0158,0.0016,-0.2074,-3.6138,1.0076,1.7936,0.6030,-2.8594
896.0000,-0.5426,0.0157,0.0015,-0.2110,-3.6160,1.0079,1.7958,0.6035,-2.8650
897.0000,-0.5430,0.0155,0.0014,-0.2147,-3.6182,1.0082,1.7981,0.6040,-2.8708
898.0000,-0.5433,0.0153,0.0013,-0.2183,-3.6204,1.0085,1.8005,0.6045,-2.8767
899.0000,-0.5437,0.0151,0.0012,-0.2219,-3.6227,1.0088,1.8030,0.6050,-2.8828
900.0000,-0.5441,0.0149,0.0011,-0.2255,-3.6250,1.0091,1.8055,0.6056,-2.8890
901.0000,-0.5445,0.0147,0.0010,-0.2292,-3.6274,1.0094,1.8081,0.6062,-2.8953
902.0000,-0.5449,0.0145,0.0008,-0.2328,-3.6298,1.0097,1.8107,0.6067,-2.9019
903.0000,-0.5453,0.0143,0.0007,-0.2364,-3.6322,1.0100,1.8134,0.6073,-2.9086
904.0000,-0.5458,0.0141,0.0006,-0.2400,-3.6347,1.0103,1.8162,0.6079,-2.9154
905.0000,-0.5462,0.0139,0.0005,-0.2437,-3.6372,1.0107,1.8190,0.6085,-2.9224
906.0000,-0.5466,0.0137,0.0004,-0.2473,-3.6398,1.0110,1.8220,0.6091,-2.9296
907.0000,-0.5471,0.0135,0.0002,-0.2510,-3.6424,1.0114,1.8250,0.6097,-2.9369
908.0000,-0.5475,0.0133,0.0001,-0.2546,-3.6451,1.0117,1.8280,0.6103,-2.9445
909.0000,-0.5480,0.0131,-0.0000,-0.2582,-3.6478,1.0121,1.8312,0.6110,-2.9522
910.0000,-0.5485,0.0129,-0.0002,-0.2619,-3.6505,1.0125,1.8344,0.6116,-2.9600
911.0000,-0.5489,0.0126,-0.0003,-0.2655,-3.6533,1.0128,1.8377,0.6123,-2.9681
912.0000,-0.5494,0.0124,-0.0004,-0.2692,-3.6562,1.0132,1.8411,0.6130,-2.9763
913.0000,-0.5499,0.0122,-0.0006,-0.2728,-3.6590,1.0136,1.8445,0.6137,-2.9848
914.0000,-0.5504,0.0119,-0.0007,-0.2765,-3.6620,1.0140,1.8480,0.6144,-2.9934
915.0000,-0.5509,0.0117,-0.0009,-0.2802,-3.6649,1.0144,1.8516,0.6151,-3.0022
916.0000,-0.5514,0.0115,-0.0010,-0.2838,-3.6679,1.0148,1.8553,0.6158,-3.0112
917.0000,-0.5519,0.0112,-0.0012,-0.2875,-3.6710,1.0153,1.8591,0.6165,-3.0204
918.0000,-0.5525,0.0110,-0.0013,-0.2912,-3.6741,1.0157,1.8630,0.6172,-3.0298
919.0000,-0.5530,0.0107,-0.0015,-0.2948,-3.6773,1.0161,1.8669,0.6180,-3.0394
920.0000,-0.5535,0.0105,-0.0016,-0.2985,-3.6805,1.0166,1.8709,0.6188,-3.0492
921.0000,-0.5541,0.0102,-0.0018,-0.3022,-3.6837,1.0170,1.8751,0.6195,-3.0592
922.0000,-0.5547,0.0100,-0.0019,-0.3059,-3.6870,1.0175,1.8793,0.6203,-3.0694
923.0000,-0.5552,0.0097,-0.0021,-0.3096,-3.6903,1.0180,1.8835,0.6211,-3.0798
924.0000,-0.5558,0.0094,-0.0023,-0.3133,-3.6937,1.0184,1.8879,0.6219,-3.0905
925.0000,-0.5564,0.0092,-0.0024,-0.3170,-3.6971,1.0189,1.8924,0.6228,-3.1014
926.0000,-0.5570,0.0089,-0.0026,-0.3207,-3.7006,1.0194,1.8969,0.6236,-3.1125
927.0000,-0.5576,0.0086,-0.0028,-0.3244,-3.7042,1.0199,1.9016,0.6244,-3.1238
928.0000,-0.5582,0.0084,-0.0029,-0.3281,-3.7077,1.0204,1.9063,0.6253,-3.1353
929.0000,-0.5588,0.0081,-0.0031,-0.3318,-3.7114,1.0210,1.9111,0.6262,-3.1471
930.0000,-0.5594,0.0078,-0.0033,-0.3355,-3.7150,1.0215,1.9161,0.6271,-3.1591
931.0000,-0.5601,0.0075,-0.0035,-0.3392,-3.7188,1.0220,1.9211,0.6280,-3.1713
932.0000,-0.5607,0.0072,-0.0037,-0.3429,-3.7226,1.0226,1.9262,0.6289,-3.1838
933.0000,-0.5614,0.0069,-0.0038,-0.3466,-3.7264,1.0232,1.9314,0.6298,-3.1965
934.0000,-0.5620,0.0066,-0.0040,-0.3504,-3.7303,1.0237,1.9367,0.6307,-3.2095
935.0000,-0.5627,0.0064,-0.0042,-0.3541,-3.7342,1.0243,1.9420,0.6317,-3.2227
936.0000,-0.5634,0.0061,-0.0044,-0.3578,-3.7382,1.0249,1.9475,0.6327,-3.2361
937.0000,-0.5641,0.0057,-0.0046,-0.3616,-3.7422,1.0255,1.9531,0.6336,-3.2498
938.0000,-0.5648,0.0054,-0.0048,-0.3653,-3.7463,1.0261,1.9587,0.6346,-3.2638
939.0000,-0.5655,0.0051,-0.0050,-0.3691,-3.7505,1.0267,1.9645,0.6356,-3.2780
940.0000,-0.5662,0.0048,-0.0052,-0.3728,-3.7546,1.0274,1.9703,0.6367,-3.2924
941.0000,-0.5669,0.0045,-0.0054,-0.3766,-3.7589,1.0280,1.9763,0.6377,-3.3071
942.0000,-0.5677,0.0042,-0.0056,-0.3803,-3.7632,1.0287,1.9823,0.6387,-3.3221
943.0000,-0.5684,0.0039,-0.0058,-0.3841,-3.7676,1.0293,1.9884,0.6398,-3.3373
944.0000,-0.5692,0.0035,-0.0060,-0.3878,-3.7720,1.0300,1.9946,0.6409,-3.3528
945.0000,-0.5699,0.0032,-0.0062,-0.3916,-3.7765,1.0307,2.0009,0.6420,-3.3685
946.0000,-0.5707,0.0029,-0.0064,-0.3954,-3.7810,1.0314,2.0073,0.6431,-3.3845
947.0000,-0.5715,0.0026,-0.0066,-0.3992,-3.7856,1.0321,2.0138,0.6442,-3.4007
948.0000,-0.5723,0.0022,-0.0068,-0.4030,-3.7902,1.0328,2.0203,0.6454,-3.4172
949.0000,-0.5731,0.0019,-0.0071,-0.4068,-3.7949,1.0336,2.0270,0.6465,-3.4340
950.0000,-0.5739,0.0015,-0.0073,-0.4105,-3.7997,1.0343,2.0337,0.6477,-3.4510
951.0000,-0.5748,0.0012,-0.0075,-0.4143,-3.8045,1.0351,2.0405,0.6489,-3.4683
952.0000,-0.5756,0.0008,-0.0077,-0.4182,-3.8094,1.0358,2.0473,0.6501,-3.4859
953.0000,-0.5765,0.0005,-0.0080,-0.4220,-3.8143,1.0366,2.0543,0.6513,-3.5037
954.0000,-0.5773,0.0001,-0.0082,-0.4258,-3.8193,1.0374,2.0613,0.6526,-3.5217
955.0000,-0.5782,-0.0002,-0.0084,-0.4296,-3.8243,1.0382,2.0684,0.6538,-3.5401
956.0000,-0.5791,-0.0006,-0.0086,-0.4334,-3.8295,1.0390,2.0756,0.6551,-3.5586
957.0000,-0.5800,-0.0009,-0.0089,-0.4373,-3.8346,1.0399,2.0828,0.6564,-3.5775
958.0000,-0.5809,-0.0013,-0.0091,-0.4411,-3.8399,1.0407,2.0901,0.6577,-3.5965
959.0000,-0.5818,-0.0017,-0.0094,-0.4449,-3.8452,1.0416,2.0975,0.6590,-3.6159
960.0000,-0.5827,-0.0020,-0.0096,-0.4488,-3.8505,1.0425,2.1049,0.6604,-3.6354
961.0000,-0.5836,-0.0024,-0.0099,-0.4526,-3.8560,1.0434,2.1124,0.6618,-3.6552
962.0000,-0.5846,-0.0028,-0.0101,-0.4565,-3.8614,1.0443,2.1199,0.6631,-3.6753
963.0000,-0.5856,-0.0032,-0.0104,-0.4603,-3.8670,1.0452,2.1274,0.6645,-3.6956
964.0000,-0.5865,-0.0036,-0.0106,-0.4642,-3.8726,1.0461,2.1350,0.6660,-3.7161
965.0000,-0.5875,-0.0039,-0.0109,-0.4681,-3.8783,1.0471,2.1427,0.6674,-3.7368
966.0000,-0.5885,-0.0043,-0.0111,-0.4720,-3.8840,1.0480,2.1503,0.6689,-3.7577
967.0000,-0.5895,-0.0047,-0.0114,-0.4758,-3.8898,1.0490,2.1580,0.6703,-3.7789
968.0000,-0.5905,-0.0051,-0.0117,-0.4797,-3.8957,1.0500,2.1657,0.6718,-3.8002
969.0000,-0.5916,-0.0055,-0.0119,-0.4836,-3.9017,1.0510,2.1734,0.6734,-3.8218
970.0000,-0.5926,-0.0059,-0.0122,-0.4875,-3.9077,1.0520,2.1811,0.6749,-3.8435
971.0000,-0.5937,-0.0063,-0.0125,-0.4914,-3.9137,1.0530,2.1889,0.6765,-3.8654
972.0000,-0.5947,-0.0067,-0.0127,-0.4953,-3.9199,1.0541,2.1966,0.6780,-3.8875
973.0000,-0.5958,-0.0071,-0.0130,-0.4993,-3.9261,1.0551,2.2043,0.6796,-3.9098
974.0000,-0.5969,-0.0076,-0.0133,-0.5032,-3.9324,1.0562,2.2120,0.6812,-3.9322
975.0000,-0.5980,-0.0080,-0.0136,-0.5071,-3.9387,1.0573,2.2196,0.6829,-3.9547
976.0000,-0.5991,-0.0084,-0.0139,-0.5111,-3.9451,1.0584,2.2272,0.6846,-3.9773
977.0000,-0.6003,-0.0088,-0.0142,-0.5150,-3.9516,1.0595,2.2348,0.6862,-4.0001
978.0000,-0.6014,-0.0092,-0.0144,-0.5190,-3.9582,1.0606,2.2423,0.6879,-4.0230
979.0000,-0.6026,-0.0097,-0.0147,-0.5229,-3.9648,1.0618,2.2497,0.6897,-4.0459
980.0000,-0.6038,-0.0101,-0.0150,-0.5269,-3.9715,1.0629,2.2571,0.6914,-4.0689
981.0000,-0.6049,-0.0105,-0.0153,-0.5309,-3.9782,1.0641,2.2644,0.6932,-4.0920
982.0000,-0.6061,-0.0110,-0.0156,-0.5348,-3.9850,1.0653,2.2716,0.6950,-4.1151
983.0000,-0.6073,-0.0114,-0.0159,-0.5388,-3.9919,1.0664,2.2786,0.6968,-4.1382
984.0000,-0.6086,-0.0119,-0.0162,-0.5428,-3.9989,1.0676,2.2856,0.6986,-4.1613
985.0000,-0.6098,-0.0123,-0.0166,-0.5468,-4.0059,1.0689,2.2924,0.7005,-4.1843
986.0000,-0.6110,-0.0127,-0.0169,-0.5508,-4.0130,1.0701,2.2991,0.7024,-4.2073
987.0000,-0.6123,-0.0132,-0.0172,-0.5548,-4.0202,1.0713,2.3056,0.7043,-4.2303
988.0000,-0.6136,-0.0136,-0.0175,-0.5588,-4.0274,1.0725,2.3120,0.7062,-4.2531
989.0000,-0.6149,-0.0141,-0.0178,-0.5629,-4.0347,1.0738,2.3181,0.7081,-4.2758
990.0000,-0.6162,-0.0146,-0.0182,-0.5669,-4.0420,1.0751,2.3241,0.7101,-4.2983
991.0000,-0.6175,-0.0150,-0.0185,-0.5710,-4.0495,1.0763,2.3298,0.7121,-4.3207
992.0000,-0.6188,-0.0155,-0.0188,-0.5750,-4.0570,1.0776,2.3354,0.7141,-4.3428
993.0000,-0.6201,-0.0160,-0.0191,-0.5791,-4.0645,1.0789,2.3406,0.7161,-4.3647
994.0000,-0.6215,-0.0164,-0.0195,-0.5831,-4.0721,1.0802,2.3456,0.7182,-4.3864
995.0000,-0.6228,-0.0169,-0.0198,-0.5872,-4.0798,1.0815,2.3504,0.7203,-4.4077
996.0000,-0.6242,-0.0174,-0.0202,-0.5913,-4.0876,1.0828,2.3548,0.7224,-4.4286
997.0000,-0.6256,-0.0179,-0.0205,-0.5954,-4.0954,1.0841,2.3589,0.7245,-4.4492
998.0000,-0.6270,-0.0183,-0.0209,-0.5995,-4.1033,1.0854,2.3627,0.7267,-4.4693
999.0000,-0.6284,-0.0188,-0.0212,-0.6036,-4.1112,1.0867,2.3661,0.7288,-4.4889
1000.0000,-0.6298,-0.0193,-0.0216,-0.6077,-4.1192,1.0880,2.3691,0.7310,-4.5080
1001.0000,-0.6313,-0.0198,-0.0219,-0.6118,-4.1272,1.0893,2.3718,0.7333,-4.5266
1002.0000,-0.6327,-0.0203,-0.0223,-0.6159,-4.1353,1.0906,2.3740,0.7355,-4.5445
1003.0000,-0.6342,-0.0208,-0.0226,-0.6201,-4.1435,1.0919,2.3757,0.7378,-4.5617
1004.0000,-0.6356,-0.0213,-0.0230,-0.6242,-4.1517,1.0932,2.3770,0.7400,-4.5783
1005.0000,-0.6371,-0.0218,-0.0234,-0.6284,-4.1600,1.0944,2.3779,0.7423,-4.5940
1006.0000,-0.6386,-0.0223,-0.0238,-0.6325,-4.1683,1.0957,2.3782,0.7447,-4.6089
1007.0000,-0.6401,-0.0228,-0.0241,-0.6367,-4.1767,1.0970,2.3779,0.7470,-4.6229
1008.0000,-0.6416,-0.0233,-0.0245,-0.6409,-4.1851,1.0982,2.3771,0.7494,-4.6359
1009.0000,-0.6431,-0.0238,-0.0249,-0.6450,-4.1935,1.0995,2.3757,0.7518,-4.6479
1010.0000,-0.6446,-0.0244,-0.0253,-0.6492,-4.2020,1.1007,2.3737,0.7542,-4.6587
1011.0000,-0.6462,-0.0249,-0.0257,-0.6534,-4.2106,1.1019,2.3710,0.7566,-4.6684
1012.0000,-0.6477,-0.0254,-0.0261,-0.6576,-4.2192,1.1031,2.3677,0.7590,-4.6769
1013.0000,-0.6492,-0.0259,-0.0265,-0.6619,-4.2278,1.1042,2.3636,0.7615,-4.6840
1014.0000,-0.6508,-0.0265,-0.0269,-0.6661,-4.2364,1.1053,2.3588,0.7639,-4.6896
1015.0000,-0.6524,-0.0270,-0.0273,-0.6703,-4.2451,1.1064,2.3532,0.7664,-4.6938
1016.0000,-0.6539,-0.0275,-0.0277,-0.6746,-4.2538,1.1075,2.3469,0.7689,-4.6964
1017.0000,-0.6555,-0.0280,-0.0281,-0.6788,-4.2625,1.1085,2.3396,0.7714,-4.6972
1018.0000,-0.6571,-0.0286,-0.0285,-0.6831,-4.2713,1.1095,2.3316,0.7740,-4.6963
1019.0000,-0.6587,-0.0291,-0.0289,-0.6874,-4.2801,1.1105,2.3226,0.7765,-4.6935
1020.0000,-0.6603,-0.0297,-0.0293,-0.6916,-4.2888,1.1114,2.3126,0.7791,-4.6887
1021.0000,-0.6618,-0.0302,-0.0298,-0.6959,-4.2976,1.1122,2.3017,0.7816,-4.6817
1022.0000,-0.6634,-0.0308,-0.0302,-0.7002,-4.3064,1.1130,2.2898,0.7842,-4.6726
1023.0000,-0.6650,-0.0313,-0.0306,-0.7045,-4.3152,1.1138,2.2767,0.7868,-4.6611
1024.0000,-0.6666,-0.0319,-0.0311,-0.7089,-4.3240,1.1145,2.2626,0.7894,-4.6471
1025.0000,-0.6682,-0.0324,-0.0315,-0.7132,-4.3328,1.1151,2.2474,0.7919,-4.6305
1026.0000,-0.6698,-0.0330,-0.0319,-0.7175,-4.3415,1.1157,2.2309,0.7945,-4.6112
1027.0000,-0.6714,-0.0336,-0.0324,-0.7219,-4.3503,1.1161,2.2132,0.7971,-4.5890
1028.0000,-0.6730,-0.0341,-0.0328,-0.7262,-4.3590,1.1165,2.1943,0.7997,-4.5638
1029.0000,-0.6746,-0.0347,-0.0333,-0.7306,-4.3677,1.1169,2.1739,0.8023,-4.5354
1030.0000,-0.6761,-0.0353,-0.0337,-0.7349,-4.3763,1.1171,2.1523,0.8049,-4.5037
1031.0000,-0.6777,-0.0358,-0.0342,-0.7393,-4.3849,1.1172,2.1291,0.8074,-4.4684
1032.0000,-0.6793,-0.0364,-0.0347,-0.7437,-4.3935,1.1173,2.1045,0.8100,-4.4296
1033.0000,-0.6808,-0.0370,-0.0351,-0.7481,-4.4020,1.1172,2.0784,0.8126,-4.3868
1034.0000,-0.6824,-0.0376,-0.0356,-0.7525,-4.4105,1.1170,2.0506,0.8151,-4.3401
1035.0000,-0.6839,-0.0381,-0.0361,-0.7569,-4.4189,1.1167,2.0212,0.8176,-4.2891
1036.0000,-0.6854,-0.0387,-0.0366,-0.7613,-4.4272,1.1162,1.9901,0.8201,-4.2337
1037.0000,-0.6869,-0.0393,-0.0370,-0.7657,-4.4354,1.1156,1.9572,0.8226,-4.1736
1038.0000,-0.6884,-0.0399,-0.0375,-0.7702,-4.4435,1.1149,1.9224,0.8251,-4.1088
1039.0000,-0.6898,-0.0405,-0.0380,-0.7746,-4.4515,1.1140,1.8857,0.8275,-4.0388
1040.0000,-0.6913,-0.0411,-0.0385,-0.7791,-4.4594,1.1130,1.8469,0.8299,-3.9636
1041.0000,-0.6927,-0.0417,-0.0390,-0.7835,-4.4672,1.1117,1.8062,0.8322,-3.8828
1042.0000,-0.6941,-0.0423,-0.0395,-0.7880,-4.4749,1.1103,1.7632,0.8346,-3.7963
1043.0000,-0.6955,-0.0429,-0.0400,-0.7925,-4.4824,1.1087,1.7180,0.8368,-3.7037
1044.0000,-0.6968,-0.0435,-0.0405,-0.7970,-4.4898,1.1069,1.6705,0.8391,-3.6047
1045.0000,-0.6981,-0.0441,-0.0410,-0.8014,-4.4970,1.1049,1.6205,0.8413,-3.4992
1046.0000,-0.6994,-0.0448,-0.0415,-0.8059,-4.5040,1.1027,1.5680,0.8434,-3.3868
1047.0000,-0.7006,-0.0454,-0.0421,-0.8104,-4.5109,1.1002,1.5129,0.8454,-3.2672
1048.0000,-0.7018,-0.0460,-0.0426,-0.8150,-4.5175,1.0974,1.4550,0.8474,-3.1400
1049.0000,-0.7030,-0.0466,-0.0431,-0.8195,-4.5240,1.0944,1.3943,0.8493,-3.0051
1050.0000,-0.7041,-0.0472,-0.0436,-0.8240,-4.5302,1.0911,1.3306,0.8512,-2.8619
1051.0000,-0.7052,-0.0479,-0.0442,-0.8285,-4.5361,1.0875,1.2637,0.8529,-2.7102
1052.0000,-0.7062,-0.0485,-0.0447,-0.8331,-4.5418,1.0835,1.1936,0.8546,-2.5496
1053.0000,-0.7072,-0.0491,-0.0452,-0.8376,-4.5473,1.0792,1.1201,0.8562,-2.3797
1054.0000,-0.7081,-0.0498,-0.0458,-0.8422,-4.5524,1.0746,1.0430,0.8577,-2.2000
1055.0000,-0.7089,-0.0504,-0.0463,-0.8467,-4.5573,1.0696,0.9622,0.8590,-2.0103
1056.0000,-0.7097,-0.0510,-0.0469,-0.8513,-4.5618,1.0641,0.8774,0.8603,-1.8100
1057.0000,-0.7104,-0.0517,-0.0474,-0.8558,-4.5659,1.0582,0.7886,0.8614,-1.5986
1058.0000,-0.7111,-0.0523,-0.0480,-0.8604,-4.5697,1.0519,0.6953,0.8623,-1.3758
1059.0000,-0.7116,-0.0530,-0.0486,-0.8650,-4.5731,1.0451,0.5976,0.8632,-1.1410
1060.0000,-0.7121,-0.0536,-0.0491,-0.8695,-4.5761,1.0377,0.4950,0.8639,-0.8937
1061.0000,-0.7125,-0.0543,-0.0497,-0.8741,-4.5786,1.0298,0.3873,0.8644,-0.6333
1062.0000,-0.7128,-0.0550,-0.0503,-0.8787,-4.5807,1.0214,0.2742,0.8647,-0.3593
1063.0000,-0.7130,-0.0556,-0.0508,-0.8833,-4.5823,1.0122,0.1555,0.8649,-0.0711
1064.0000,-0.7131,-0.0563,-0.0514,-0.8879,-4.5833,1.0024,0.0307,0.8648,0.2320
1065.0000,-0.7130,-0.0570,-0.0520,-0.8924,-4.5838,1.0081,0.1004,0.8646,0.5505
1066.0000,-0.7129,-0.0576,-0.0526,-0.8970,-4.5837,1.0193,0.2383,0.8641,0.8852
1067.0000,-0.7126,-0.0583,-0.0532,-0.9016,-4.5829,1.0315,0.3835,0.8634,1.2368
1068.0000,-0.7122,-0.0590,-0.0538,-0.9062,-4.5815,1.0444,0.5363,0.8625,1.6060
1069.0000,-0.7117,-0.0597,-0.0544,-0.9108,-4.5794,1.0584,0.6974,0.8613,1.9936
1070.0000,-0.7110,-0.0604,-0.0550,-0.9153,-4.5765,1.0733,0.8672,0.8598,2.4004
1071.0000,-0.7101,-0.0611,-0.0555,-0.9199,-4.5728,1.0894,1.0465,0.8580,2.8274
1072.0000,-0.7091,-0.0618,-0.0561,-0.9245,-4.5683,1.1066,1.2360,0.8559,3.2753
1073.0000,-0.7079,-0.0625,-0.0568,-0.9291,-4.5628,1.1251,1.4362,0.8535,3.7453
1074.0000,-0.7065,-0.0632,-0.0574,-0.9336,-4.5563,1.1450,1.6482,0.8507,4.2382
1075.0000,-0.7049,-0.0639,-0.0580,-0.9382,-4.5488,1.1664,1.8729,0.8475,4.7552
1076.0000,-0.7030,-0.0646,-0.0586,-0.9427,-4.5402,1.1894,2.1112,0.8439,5.2974
1077.0000,-0.7010,-0.0653,-0.0592,-0.9473,-4.5304,1.2142,2.3644,0.8400,5.8659
1078.0000,-0.6986,-0.0661,-0.0598,-0.9518,-4.5193,1.2409,2.6336,0.8355,6.4621
1079.0000,-0.6960,-0.0668,-0.0604,-0.9563,-4.5068,1.2697,2.9203,0.8306,7.0874
1080.0000,-0.6931,-0.0675,-0.0610,-0.9608,-4.4928,1.3008,3.2261,0.8252,7.7430
1081.0000,-0.6899,-0.0683,-0.0616,-0.9653,-4.4773,1.3343,3.5527,0.8193,8.4306
1082.0000,-0.6864,-0.0690,-0.0622,-0.9698,-4.4599,1.3707,3.9021,0.8128,9.1517
1083.0000,-0.6825,-0.0697,-0.0629,-0.9743,-4.4408,1.4100,4.2766,0.8057,9.9080
1084.0000,-0.6782,-0.0705,-0.0635,-0.9787,-4.4196,1.4527,4.6785,0.7979,10.7014
1085.0000,-0.6735,-0.0713,-0.0641,-0.9831,-4.3962,1.4990,5.1108,0.7895,11.5339
1086.0000,-0.6683,-0.0720,-0.0647,-0.9875,-4.3704,1.5494,5.5766,0.7804,12.4075
1087.0000,-0.6626,-0.0728,-0.0653,-0.9919,-4.3420,1.6043,6.0795,0.7704,13.3244
1088.0000,-0.6565,-0.0736,-0.0659,-0.9962,-4.3108,1.6643,6.6235,0.7597,14.2870
1089.0000,-0.6497,-0.0744,-0.0665,-1.0005,-4.2765,1.7298,7.2134,0.7481,15.2980
1090.0000,-0.6423,-0.0752,-0.0671,-1.0048,-4.2388,1.8015,7.8543,0.7355,16.3601
1091.0000,-0.6342,-0.0760,-0.0677,-1.0091,-4.1974,1.8802,8.5523,0.7220,17.4762
1092.0000,-0.6253,-0.0768,-0.0683,-1.0133,-4.1518,1.9667,9.3142,0.7074,18.6496
1093.0000,-0.6157,-0.0776,-0.0689,-1.0174,-4.1017,2.0620,10.1479,0.6916,19.8837
1094.0000,-0.6051,-0.0784,-0.0695,-1.0215,-4.0466,2.1672,11.0623,0.6746,21.1823
1095.0000,-0.5935,-0.0793,-0.0701,-1.0256,-3.9858,2.2836,12.0677,0.6563,22.5495
1096.0000,-0.5808,-0.0801,-0.0707,-1.0295,-3.9188,2.4126,13.1759,0.6366,23.9896
1097.0000,-0.5669,-0.0810,-0.0712,-1.0335,-3.8448,2.5559,14.4003,0.6154,25.5074
1098.0000,-0.5517,-0.0819,-0.0718,-1.0373,-3.7631,2.7154,15.7560,0.5926,27.1081
1099.0000,-0.5349,-0.0828,-0.0723,-1.0411,-3.6726,2.8932,17.2603,0.0000,0.0000
